Delivery_ID,Driver_ID,Timestamp,Order_Value_INR,OBD_Status,Customer_Claim_Filed,GPS_Distance_KM,Odometer_Distance_KM
DEL-10009,DRV-040,2026-09-02 08:02:00,12350,N/A,Yes,17.82,18.5
DEL-10149,DRV-044,2026-09-02 08:03:00,19382,Accepted,Yes,16.61,17.09
DEL-10047,DRV-047,2026-09-02 08:03:00,18711,N/A,No,19.91,20.23
DEL-10004,DRV-046,2026-09-02 08:04:00,18356,Refused,Yes,13.35,13.72
DEL-10018,DRV-016,2026-09-02 08:04:00,18161,Refused,No,15.15,15.85
DEL-10038,DRV-031,2026-09-02 08:04:00,6739,Accepted,Yes,16.34,16.93
DEL-10177,DRV-024,2026-09-02 08:05:00,8501,N/A,No,9.18,9.48
DEL-10046,DRV-017,2026-09-02 08:05:00,15409,Refused,No,18.6,19.3
DEL-10006,DRV-010,2026-09-02 08:05:00,11529,Accepted,Yes,5.09,5.22
DEL-10082,DRV-020,2026-09-02 08:06:00,513,Refused,No,8.72,8.88
DEL-10042,DRV-012,2026-09-02 08:06:00,8685,Accepted,No,6.29,6.56
DEL-10052,DRV-027,2026-09-02 08:06:00,19021,N/A,No,13.49,14.13
DEL-10022,DRV-036,2026-09-02 08:06:00,876,N/A,Yes,17.35,18.0
DEL-10087,DRV-031,2026-09-02 08:06:00,2886,Refused,No,12.61,13.18
DEL-10189,DRV-047,2026-09-02 08:06:00,10170,Refused,No,3.5,3.56
DEL-10007,DRV-023,2026-09-02 08:06:00,20282,Refused,Yes,17.1,17.77
DEL-10029,DRV-037,2026-09-02 08:06:00,3306,N/A,No,18.99,19.8
DEL-10055,DRV-040,2026-09-02 08:06:00,3776,Accepted,Yes,19.97,20.57
DEL-10043,DRV-036,2026-09-02 08:07:00,21869,N/A,Yes,18.5,18.84
DEL-10015,DRV-050,2026-09-02 08:07:00,1551,Refused,No,2.06,2.1
DEL-10064,DRV-045,2026-09-02 08:07:00,18377,Accepted,No,18.17,18.78
DEL-10122,DRV-039,2026-09-02 08:08:00,9552,N/A,Yes,14.32,14.76
DEL-10003,DRV-003,2026-09-02 08:08:00,7664,Accepted,Yes,1.57,1.62
DEL-10033,DRV-043,2026-09-02 08:08:00,14855,N/A,No,13.35,13.55
DEL-10058,DRV-036,2026-09-02 08:08:00,22237,Accepted,Yes,16.2,16.52
DEL-10071,DRV-030,2026-09-02 08:08:00,7957,Accepted,Yes,7.64,7.92
DEL-10051,DRV-016,2026-09-02 08:08:00,19167,Accepted,Yes,8.67,8.97
DEL-10125,DRV-002,2026-09-02 08:08:00,7761,Refused,Yes,2.77,2.83
DEL-10078,DRV-005,2026-09-02 08:09:00,11319,N/A,No,19.03,19.73
DEL-10130,DRV-031,2026-09-02 08:09:00,19819,N/A,No,6.25,6.56
DEL-10001,DRV-041,2026-09-02 08:09:00,24799,Refused,Yes,3.12,3.18
DEL-10061,DRV-017,2026-09-02 08:09:00,2164,Accepted,No,18.2,18.99
DEL-10056,DRV-009,2026-09-02 08:09:00,2754,Accepted,No,18.73,19.13
DEL-10027,DRV-050,2026-09-02 08:10:00,518,N/A,No,18.53,19.08
DEL-10057,DRV-029,2026-09-02 08:10:00,23843,Refused,Yes,16.84,17.46
DEL-10178,DRV-012,2026-09-02 08:10:00,3087,N/A,No,4.23,4.38
DEL-10054,DRV-043,2026-09-02 08:11:00,15482,Refused,Yes,13.26,13.4
DEL-10005,DRV-018,2026-09-02 08:11:00,712,Accepted,No,16.38,16.77
DEL-10040,DRV-042,2026-09-02 08:11:00,13693,N/A,No,2.87,2.99
DEL-10069,DRV-022,2026-09-02 08:11:00,13991,N/A,Yes,15.87,16.2
DEL-10034,DRV-015,2026-09-02 08:11:00,1189,N/A,Yes,2.22,2.29
DEL-10011,DRV-025,2026-09-02 08:11:00,21330,Refused,Yes,6.28,6.44
DEL-10019,DRV-026,2026-09-02 08:11:00,5032,N/A,No,7.88,7.99
DEL-10017,DRV-032,2026-09-02 08:11:00,21564,Refused,Yes,8.52,8.7
DEL-10002,DRV-048,2026-09-02 08:11:00,24770,N/A,Yes,2.95,3.05
DEL-10012,DRV-014,2026-09-02 08:11:00,23497,N/A,Yes,13.73,14.2
DEL-10063,DRV-029,2026-09-02 08:12:00,14514,N/A,Yes,11.48,11.65
DEL-10076,DRV-037,2026-09-02 08:12:00,1954,N/A,No,4.61,4.66
DEL-10074,DRV-017,2026-09-02 08:12:00,9198,Accepted,Yes,4.39,4.54
DEL-10080,DRV-021,2026-09-02 08:12:00,10188,N/A,Yes,8.65,8.8
DEL-10041,DRV-007,2026-09-02 08:12:00,6732,N/A,No,5.72,5.81
DEL-10008,DRV-035,2026-09-02 08:12:00,12903,Accepted,No,3.37,3.52
DEL-10244,DRV-034,2026-09-02 08:13:00,10667,N/A,No,2.49,2.54
DEL-10106,DRV-006,2026-09-02 08:13:00,18175,Accepted,No,9.94,10.13
DEL-10257,DRV-012,2026-09-02 08:13:00,23687,Refused,No,1.74,1.79
DEL-10026,DRV-033,2026-09-02 08:13:00,5508,Refused,Yes,12.57,12.97
DEL-10035,DRV-001,2026-09-02 08:13:00,21179,Accepted,Yes,2.35,2.38
DEL-10070,DRV-045,2026-09-02 08:13:00,1768,Refused,Yes,3.05,3.1
DEL-10127,DRV-048,2026-09-02 08:13:00,12028,N/A,No,11.46,11.7
DEL-10025,DRV-049,2026-09-02 08:13:00,3986,N/A,No,4.39,4.58
DEL-10021,DRV-028,2026-09-02 08:14:00,13108,Refused,No,12.33,12.71
DEL-10278,DRV-027,2026-09-02 08:14:00,16847,Refused,Yes,2.01,2.06
DEL-10092,DRV-029,2026-09-02 08:14:00,24069,N/A,No,12.64,13.19
DEL-10083,DRV-038,2026-09-02 08:14:00,11059,Refused,No,12.53,12.88
DEL-10048,DRV-019,2026-09-02 08:14:00,2416,N/A,Yes,5.14,5.35
DEL-10060,DRV-046,2026-09-02 08:14:00,23027,N/A,No,7.51,7.74
DEL-10068,DRV-016,2026-09-02 08:14:00,6301,Refused,Yes,17.43,17.73
DEL-10139,DRV-040,2026-09-02 08:15:00,24751,Accepted,Yes,2.14,2.78
DEL-10013,DRV-011,2026-09-02 08:15:00,8521,Accepted,No,11.15,11.43
DEL-10020,DRV-004,2026-09-02 08:15:00,5508,N/A,Yes,17.36,18.08
DEL-10023,DRV-035,2026-09-02 08:15:00,21503,Refused,Yes,15.27,15.6
DEL-10028,DRV-008,2026-09-02 08:15:00,10576,Accepted,Yes,18.65,19.02
DEL-10108,DRV-013,2026-09-02 08:15:00,22606,Refused,Yes,16.95,17.21
DEL-10037,DRV-032,2026-09-02 08:15:00,4835,N/A,No,5.07,5.17
DEL-10065,DRV-010,2026-09-02 08:16:00,1870,Refused,No,9.17,9.59
DEL-10104,DRV-030,2026-09-02 08:16:00,9024,Refused,No,4.45,5.47
DEL-10088,DRV-037,2026-09-02 08:16:00,23318,Refused,No,4.69,4.81
DEL-10039,DRV-023,2026-09-02 08:16:00,15803,N/A,Yes,9.05,9.38
DEL-10014,DRV-041,2026-09-02 08:17:00,7696,N/A,No,14.08,14.7
DEL-10059,DRV-007,2026-09-02 08:17:00,5593,Refused,No,15.11,15.63
DEL-10090,DRV-045,2026-09-02 08:17:00,2145,N/A,Yes,10.84,11.35
DEL-10200,DRV-047,2026-09-02 08:17:00,14094,N/A,Yes,3.94,4.11
DEL-10119,DRV-016,2026-09-02 08:17:00,3339,Refused,No,16.78,17.11
DEL-10181,DRV-044,2026-09-02 08:18:00,2920,Refused,No,11.39,11.95
DEL-10128,DRV-017,2026-09-02 08:18:00,24135,Accepted,No,5.38,5.46
DEL-10010,DRV-003,2026-09-02 08:18:00,9982,Accepted,Yes,13.56,14.17
DEL-10107,DRV-005,2026-09-02 08:18:00,21856,Accepted,Yes,15.84,16.6
DEL-10176,DRV-020,2026-09-02 08:18:00,2007,Refused,Yes,18.17,18.56
DEL-10093,DRV-036,2026-09-02 08:18:00,5715,N/A,No,9.47,9.74
DEL-10079,DRV-008,2026-09-02 08:19:00,10340,N/A,No,14.68,15.22
DEL-10096,DRV-021,2026-09-02 08:19:00,3140,Accepted,Yes,17.97,18.32
DEL-10124,DRV-016,2026-09-02 08:19:00,21664,N/A,No,14.12,14.51
DEL-10150,DRV-042,2026-09-02 08:19:00,9614,Accepted,No,9.4,9.73
DEL-10371,DRV-012,2026-09-02 08:20:00,6260,Accepted,No,8.94,9.31
DEL-10195,DRV-024,2026-09-02 08:20:00,8161,Refused,Yes,3.06,3.17
DEL-10081,DRV-043,2026-09-02 08:21:00,22694,N/A,Yes,18.87,19.52
DEL-10134,DRV-031,2026-09-02 08:21:00,11664,Accepted,Yes,10.1,10.3
DEL-10148,DRV-039,2026-09-02 08:22:00,3492,Accepted,Yes,5.76,6.05
DEL-10049,DRV-004,2026-09-02 08:22:00,16123,N/A,Yes,1.95,2.52
DEL-10205,DRV-022,2026-09-02 08:22:00,4626,N/A,Yes,5.63,5.7
DEL-10201,DRV-040,2026-09-02 08:23:00,9666,Accepted,No,8.75,8.91
DEL-10050,DRV-033,2026-09-02 08:23:00,6589,Accepted,Yes,2.52,2.61
DEL-10209,DRV-002,2026-09-02 08:23:00,12238,Accepted,No,3.5,3.54
DEL-10095,DRV-018,2026-09-02 08:23:00,23881,Refused,Yes,9.36,9.56
DEL-10036,DRV-003,2026-09-02 08:23:00,2821,N/A,Yes,17.33,23.09
DEL-10299,DRV-034,2026-09-02 08:23:00,3207,N/A,No,6.07,6.15
DEL-10186,DRV-048,2026-09-02 08:23:00,9878,Accepted,No,10.44,10.64
DEL-10135,DRV-031,2026-09-02 08:23:00,2641,Refused,No,3.17,3.21
DEL-10085,DRV-043,2026-09-02 08:24:00,11483,Accepted,Yes,13.03,15.79
DEL-10147,DRV-032,2026-09-02 08:24:00,20096,Accepted,No,9.32,9.69
DEL-10091,DRV-008,2026-09-02 08:24:00,15725,N/A,No,9.67,10.13
DEL-10103,DRV-038,2026-09-02 08:24:00,1388,Accepted,No,11.72,11.9
DEL-10133,DRV-009,2026-09-02 08:24:00,16585,Accepted,Yes,13.12,13.55
DEL-10153,DRV-019,2026-09-02 08:24:00,13622,N/A,Yes,13.59,13.97
DEL-10099,DRV-050,2026-09-02 08:25:00,23290,Accepted,No,12.1,12.45
DEL-10331,DRV-027,2026-09-02 08:25:00,7185,Refused,Yes,10.2,10.43
DEL-10045,DRV-026,2026-09-02 08:25:00,5894,Refused,Yes,18.15,22.22
DEL-10067,DRV-023,2026-09-02 08:25:00,13816,N/A,Yes,15.82,16.56
DEL-10086,DRV-015,2026-09-02 08:25:00,5328,Accepted,Yes,16.32,16.64
DEL-10123,DRV-013,2026-09-02 08:25:00,24095,Refused,No,2.63,2.71
DEL-10117,DRV-028,2026-09-02 08:26:00,17596,N/A,No,4.35,4.5
DEL-10138,DRV-025,2026-09-02 08:26:00,15007,Refused,No,9.56,9.77
DEL-10016,DRV-014,2026-09-02 08:26:00,19085,N/A,No,18.35,18.69
DEL-10231,DRV-022,2026-09-02 08:26:00,10711,N/A,No,3.99,4.15
DEL-10213,DRV-002,2026-09-02 08:26:00,16195,Refused,No,2.16,2.24
DEL-10120,DRV-030,2026-09-02 08:26:00,22395,Refused,No,11.83,11.96
DEL-10159,DRV-001,2026-09-02 08:26:00,3554,Accepted,Yes,11.49,11.82
DEL-10077,DRV-035,2026-09-02 08:27:00,24812,N/A,Yes,14.05,14.4
DEL-10165,DRV-029,2026-09-02 08:27:00,11809,Refused,No,11.23,11.55
DEL-10114,DRV-037,2026-09-02 08:27:00,11877,N/A,No,15.87,16.45
DEL-10157,DRV-019,2026-09-02 08:27:00,23380,Refused,Yes,9.32,9.42
DEL-10211,DRV-031,2026-09-02 08:27:00,12363,N/A,Yes,9.52,9.79
DEL-10233,DRV-004,2026-09-02 08:28:00,9416,Refused,No,13.81,14.22
DEL-10112,DRV-046,2026-09-02 08:28:00,19901,N/A,Yes,4.77,4.84
DEL-10277,DRV-006,2026-09-02 08:28:00,7775,Refused,No,18.98,19.88
DEL-10089,DRV-010,2026-09-02 08:28:00,681,Accepted,No,13.47,13.72
DEL-10171,DRV-042,2026-09-02 08:28:00,2951,Refused,No,19.43,19.89
DEL-10030,DRV-049,2026-09-02 08:28:00,4620,Accepted,No,11.12,11.65
DEL-10220,DRV-044,2026-09-02 08:29:00,2699,Accepted,Yes,18.54,18.79
DEL-10140,DRV-017,2026-09-02 08:29:00,18861,Refused,Yes,13.55,13.98
DEL-10053,DRV-014,2026-09-02 08:29:00,10795,Accepted,No,13.72,14.07
DEL-10315,DRV-033,2026-09-02 08:29:00,7085,Accepted,Yes,5.26,5.48
DEL-10136,DRV-041,2026-09-02 08:29:00,5471,Accepted,No,14.04,14.23
DEL-10024,DRV-011,2026-09-02 08:29:00,24161,N/A,No,9.62,10.09
DEL-10111,DRV-007,2026-09-02 08:30:00,10722,N/A,No,12.0,12.31
DEL-10137,DRV-016,2026-09-02 08:30:00,14137,N/A,Yes,3.25,3.38
DEL-10216,DRV-039,2026-09-02 08:30:00,15367,N/A,No,11.08,11.23
DEL-10326,DRV-047,2026-09-02 08:30:00,11563,N/A,Yes,18.14,18.92
DEL-10182,DRV-020,2026-09-02 08:30:00,14403,N/A,No,13.14,13.51
DEL-10146,DRV-030,2026-09-02 08:31:00,19671,Refused,Yes,14.08,14.5
DEL-10142,DRV-015,2026-09-02 08:31:00,9764,N/A,No,6.47,6.55
DEL-10097,DRV-045,2026-09-02 08:31:00,7510,Accepted,No,3.9,4.0
DEL-10160,DRV-008,2026-09-02 08:31:00,5545,Refused,No,13.31,13.71
DEL-10193,DRV-036,2026-09-02 08:31:00,13429,Accepted,No,7.95,8.2
DEL-10131,DRV-013,2026-09-02 08:31:00,12325,Accepted,No,6.63,6.7
DEL-10258,DRV-040,2026-09-02 08:32:00,12717,Refused,No,4.02,4.13
DEL-10115,DRV-005,2026-09-02 08:32:00,11681,Accepted,No,10.61,11.07
DEL-10265,DRV-028,2026-09-02 08:32:00,1097,Refused,No,10.66,10.84
DEL-10075,DRV-023,2026-09-02 08:33:00,10778,Refused,Yes,14.84,15.22
DEL-10105,DRV-021,2026-09-02 08:33:00,12923,Refused,No,7.41,7.56
DEL-10184,DRV-037,2026-09-02 08:33:00,10195,N/A,No,7.82,9.94
DEL-10243,DRV-024,2026-09-02 08:33:00,3968,Accepted,No,2.67,2.76
DEL-10279,DRV-006,2026-09-02 08:33:00,1423,Refused,Yes,8.12,8.47
DEL-10313,DRV-044,2026-09-02 08:33:00,10972,N/A,No,19.38,20.12
DEL-10151,DRV-032,2026-09-02 08:34:00,15901,Refused,No,19.41,19.86
DEL-10190,DRV-009,2026-09-02 08:34:00,12488,N/A,No,15.94,16.63
DEL-10172,DRV-045,2026-09-02 08:34:00,3131,Refused,No,8.55,8.96
DEL-10372,DRV-012,2026-09-02 08:34:00,9985,Accepted,Yes,18.8,19.21
DEL-10113,DRV-050,2026-09-02 08:34:00,22921,N/A,Yes,6.73,7.01
DEL-10168,DRV-025,2026-09-02 08:35:00,17445,Refused,Yes,8.34,8.59
DEL-10162,DRV-010,2026-09-02 08:35:00,20140,N/A,Yes,8.29,8.66
DEL-10224,DRV-039,2026-09-02 08:35:00,3894,N/A,Yes,6.94,7.05
DEL-10432,DRV-012,2026-09-02 08:36:00,3656,N/A,Yes,3.03,3.09
DEL-10367,DRV-027,2026-09-02 08:36:00,15979,Accepted,Yes,7.28,7.35
DEL-10259,DRV-022,2026-09-02 08:36:00,2215,N/A,No,13.9,14.08
DEL-10180,DRV-017,2026-09-02 08:36:00,22351,Accepted,No,9.73,10.18
DEL-10084,DRV-014,2026-09-02 08:36:00,24615,Accepted,Yes,10.71,10.94
DEL-10240,DRV-048,2026-09-02 08:36:00,1114,Refused,Yes,1.8,1.88
DEL-10350,DRV-047,2026-09-02 08:36:00,21119,Accepted,No,17.57,17.93
DEL-10062,DRV-003,2026-09-02 08:36:00,4786,N/A,No,1.07,1.32
DEL-10116,DRV-007,2026-09-02 08:36:00,12368,N/A,No,9.24,9.59
DEL-10253,DRV-005,2026-09-02 08:36:00,3458,N/A,No,13.25,13.63
DEL-10109,DRV-043,2026-09-02 08:36:00,7642,Refused,No,3.17,3.3
DEL-10239,DRV-046,2026-09-02 08:36:00,18808,N/A,No,5.37,5.44
DEL-10158,DRV-041,2026-09-02 08:36:00,8341,N/A,Yes,12.57,12.85
DEL-10170,DRV-029,2026-09-02 08:37:00,15472,Accepted,Yes,2.89,2.97
DEL-10333,DRV-033,2026-09-02 08:37:00,10956,Accepted,No,11.67,11.84
DEL-10238,DRV-001,2026-09-02 08:37:00,14611,Accepted,Yes,10.45,10.71
DEL-10285,DRV-040,2026-09-02 08:38:00,4132,Refused,Yes,9.69,10.03
DEL-10298,DRV-025,2026-09-02 08:38:00,6621,Refused,No,7.44,7.62
DEL-10101,DRV-018,2026-09-02 08:38:00,1451,Refused,No,9.28,9.62
DEL-10256,DRV-004,2026-09-02 08:38:00,11753,N/A,Yes,9.56,9.85
DEL-10323,DRV-034,2026-09-02 08:38:00,3084,Refused,Yes,18.0,18.64
DEL-10232,DRV-037,2026-09-02 08:39:00,2223,Accepted,Yes,12.33,12.83
DEL-10264,DRV-022,2026-09-02 08:39:00,22458,N/A,Yes,16.45,17.04
DEL-10126,DRV-038,2026-09-02 08:39:00,18636,N/A,No,8.01,8.23
DEL-10098,DRV-035,2026-09-02 08:39:00,2540,Accepted,No,9.85,10.1
DEL-10230,DRV-002,2026-09-02 08:40:00,17882,Accepted,No,2.74,2.81
DEL-10217,DRV-045,2026-09-02 08:40:00,21953,N/A,Yes,3.17,3.26
DEL-10302,DRV-028,2026-09-02 08:40:00,15045,Refused,No,4.17,4.22
DEL-10174,DRV-016,2026-09-02 08:40:00,9916,Accepted,Yes,12.99,13.35
DEL-10072,DRV-026,2026-09-02 08:40:00,2774,Refused,No,7.24,7.5
DEL-10225,DRV-031,2026-09-02 08:40:00,4046,Refused,No,5.26,5.34
DEL-10164,DRV-019,2026-09-02 08:41:00,19732,N/A,No,14.79,15.45
DEL-10263,DRV-046,2026-09-02 08:41:00,10644,N/A,No,18.82,19.49
DEL-10066,DRV-003,2026-09-02 08:41:00,7383,N/A,Yes,18.08,18.74
DEL-10352,DRV-038,2026-09-02 08:41:00,17678,N/A,No,10.13,10.29
DEL-10293,DRV-009,2026-09-02 08:41:00,15497,Accepted,No,2.2,2.56
DEL-10320,DRV-044,2026-09-02 08:41:00,4705,N/A,Yes,10.83,11.27
DEL-10032,DRV-049,2026-09-02 08:42:00,7091,N/A,No,14.87,15.26
DEL-10196,DRV-036,2026-09-02 08:42:00,20491,Accepted,Yes,7.23,7.49
DEL-10156,DRV-032,2026-09-02 08:42:00,2191,Accepted,No,12.88,13.29
DEL-10175,DRV-007,2026-09-02 08:42:00,23565,Accepted,No,15.45,15.71
DEL-10203,DRV-042,2026-09-02 08:42:00,13546,Refused,Yes,7.81,8.19
DEL-10183,DRV-020,2026-09-02 08:43:00,13105,Refused,Yes,4.79,4.88
DEL-10192,DRV-030,2026-09-02 08:43:00,5112,Accepted,No,19.29,20.23
DEL-10031,DRV-011,2026-09-02 08:43:00,20376,Refused,Yes,6.04,6.32
DEL-10143,DRV-015,2026-09-02 08:43:00,20981,N/A,Yes,18.55,19.05
DEL-10100,DRV-023,2026-09-02 08:44:00,13279,Refused,Yes,6.67,6.87
DEL-10270,DRV-024,2026-09-02 08:44:00,8283,Refused,No,13.85,14.41
DEL-10266,DRV-014,2026-09-02 08:45:00,16434,Accepted,Yes,7.49,7.86
DEL-10152,DRV-043,2026-09-02 08:45:00,5769,Refused,No,2.99,3.1
DEL-10187,DRV-013,2026-09-02 08:45:00,22708,N/A,Yes,12.8,13.25
DEL-10506,DRV-027,2026-09-02 08:45:00,9587,N/A,Yes,18.46,19.16
DEL-10173,DRV-041,2026-09-02 08:46:00,16489,N/A,Yes,14.66,15.17
DEL-10235,DRV-008,2026-09-02 08:46:00,22732,N/A,No,6.38,6.58
DEL-10191,DRV-017,2026-09-02 08:46:00,16289,Refused,No,18.37,19.14
DEL-10335,DRV-040,2026-09-02 08:47:00,5733,Refused,No,8.94,9.1
DEL-10301,DRV-006,2026-09-02 08:47:00,10187,Refused,No,7.23,7.48
DEL-10348,DRV-033,2026-09-02 08:47:00,17943,Refused,No,16.74,17.23
DEL-10194,DRV-030,2026-09-02 08:47:00,22531,Refused,No,8.0,8.34
DEL-10344,DRV-022,2026-09-02 08:47:00,12480,Accepted,Yes,11.6,12.0
DEL-10319,DRV-005,2026-09-02 08:47:00,10888,N/A,Yes,3.38,3.47
DEL-10311,DRV-014,2026-09-02 08:47:00,9857,N/A,No,19.93,20.29
DEL-10274,DRV-039,2026-09-02 08:47:00,8692,Accepted,No,3.63,3.79
DEL-10073,DRV-026,2026-09-02 08:48:00,18070,Refused,Yes,13.91,14.11
DEL-10316,DRV-002,2026-09-02 08:48:00,19252,Refused,No,7.86,8.19
DEL-10212,DRV-015,2026-09-02 08:48:00,1920,N/A,No,18.96,19.5
DEL-10121,DRV-021,2026-09-02 08:48:00,7450,Refused,No,4.45,4.56
DEL-10488,DRV-038,2026-09-02 08:48:00,4889,Refused,Yes,2.61,2.66
DEL-10282,DRV-001,2026-09-02 08:48:00,1122,Refused,Yes,18.21,19.0
DEL-10167,DRV-050,2026-09-02 08:48:00,10926,N/A,No,8.8,9.14
DEL-10281,DRV-031,2026-09-02 08:49:00,5047,N/A,No,14.23,14.63
DEL-10310,DRV-025,2026-09-02 08:49:00,4358,Refused,No,18.36,19.06
DEL-10118,DRV-035,2026-09-02 08:49:00,15732,Refused,No,15.72,16.08
DEL-10110,DRV-011,2026-09-02 08:49:00,24039,Accepted,Yes,12.51,13.12
DEL-10207,DRV-010,2026-09-02 08:49:00,20029,Accepted,No,15.98,16.69
DEL-10407,DRV-004,2026-09-02 08:49:00,19887,N/A,Yes,11.58,11.99
DEL-10291,DRV-048,2026-09-02 08:50:00,4871,Accepted,No,15.38,15.87
DEL-10312,DRV-009,2026-09-02 08:50:00,15312,Accepted,No,17.2,18.06
DEL-10179,DRV-016,2026-09-02 08:50:00,19608,Accepted,Yes,10.46,10.76
DEL-10551,DRV-012,2026-09-02 08:50:00,1658,N/A,No,18.69,19.04
DEL-10401,DRV-047,2026-09-02 08:50:00,1555,N/A,No,15.54,16.08
DEL-10338,DRV-014,2026-09-02 08:50:00,2094,Accepted,No,12.08,12.44
DEL-10558,DRV-027,2026-09-02 08:50:00,18245,Refused,Yes,1.45,1.52
DEL-10557,DRV-038,2026-09-02 08:51:00,6903,N/A,Yes,19.47,19.78
DEL-10044,DRV-049,2026-09-02 08:51:00,5949,Refused,No,17.13,17.63
DEL-10161,DRV-018,2026-09-02 08:51:00,16310,Refused,Yes,8.89,9.14
DEL-10202,DRV-029,2026-09-02 08:52:00,12384,Accepted,No,19.06,19.67
DEL-10356,DRV-034,2026-09-02 08:52:00,11151,N/A,No,4.94,5.09
DEL-10214,DRV-032,2026-09-02 08:52:00,15034,Accepted,Yes,14.54,14.87
DEL-10318,DRV-046,2026-09-02 08:52:00,17725,Refused,No,14.66,15.29
DEL-10169,DRV-003,2026-09-02 08:52:00,19839,Refused,Yes,3.4,3.55
DEL-10185,DRV-043,2026-09-02 08:52:00,765,N/A,Yes,8.52,8.92
DEL-10288,DRV-024,2026-09-02 08:52:00,17737,N/A,Yes,2.29,2.35
DEL-10394,DRV-005,2026-09-02 08:52:00,15968,Accepted,No,19.74,20.26
DEL-10287,DRV-023,2026-09-02 08:52:00,14150,Accepted,Yes,5.57,5.74
DEL-10246,DRV-013,2026-09-02 08:52:00,11948,Refused,Yes,18.21,18.56
DEL-10340,DRV-028,2026-09-02 08:53:00,9166,N/A,No,3.54,3.68
DEL-10306,DRV-016,2026-09-02 08:53:00,12503,Refused,No,15.79,16.55
DEL-10330,DRV-044,2026-09-02 08:53:00,15361,Accepted,Yes,8.72,10.22
DEL-10375,DRV-008,2026-09-02 08:53:00,24457,Refused,No,7.28,7.56
DEL-10248,DRV-042,2026-09-02 08:54:00,21076,Refused,No,2.43,2.53
DEL-10198,DRV-003,2026-09-02 08:54:00,10473,Refused,Yes,18.98,19.24
DEL-10241,DRV-037,2026-09-02 08:54:00,13752,N/A,No,9.16,9.36
DEL-10094,DRV-049,2026-09-02 08:54:00,21394,Refused,No,5.7,5.9
DEL-10269,DRV-045,2026-09-02 08:54:00,5924,N/A,No,15.65,15.83
DEL-10284,DRV-019,2026-09-02 08:55:00,4492,Accepted,Yes,5.52,5.67
DEL-10598,DRV-038,2026-09-02 08:55:00,12898,Refused,No,16.47,16.72
DEL-10154,DRV-021,2026-09-02 08:55:00,4298,Refused,Yes,5.8,6.01
DEL-10218,DRV-015,2026-09-02 08:55:00,15360,Refused,No,8.86,9.21
DEL-10210,DRV-017,2026-09-02 08:55:00,24804,Refused,Yes,2.0,2.08
DEL-10584,DRV-012,2026-09-02 08:55:00,20066,Accepted,Yes,1.5,1.57
DEL-10621,DRV-027,2026-09-02 08:55:00,19824,Accepted,Yes,19.44,20.29
DEL-10222,DRV-036,2026-09-02 08:55:00,22454,Accepted,No,11.67,11.95
DEL-10102,DRV-026,2026-09-02 08:55:00,15815,Accepted,Yes,14.76,15.44
DEL-10272,DRV-013,2026-09-02 08:56:00,19191,Refused,No,7.99,8.32
DEL-10197,DRV-030,2026-09-02 08:56:00,10402,N/A,No,18.28,18.55
DEL-10221,DRV-007,2026-09-02 08:56:00,12710,Accepted,Yes,15.15,15.66
DEL-10365,DRV-045,2026-09-02 08:56:00,4079,N/A,Yes,6.16,6.28
DEL-10300,DRV-039,2026-09-02 08:56:00,6413,N/A,No,19.91,20.36
DEL-10223,DRV-043,2026-09-02 08:57:00,14358,N/A,Yes,18.88,19.8
DEL-10307,DRV-003,2026-09-02 08:57:00,22751,Refused,No,12.5,12.81
DEL-10236,DRV-020,2026-09-02 08:57:00,13451,N/A,Yes,1.86,1.88
DEL-10575,DRV-017,2026-09-02 08:57:00,2957,Accepted,Yes,18.43,18.76
DEL-10290,DRV-023,2026-09-02 08:57:00,11798,Accepted,Yes,15.98,16.63
DEL-10418,DRV-016,2026-09-02 08:58:00,9775,Refused,No,11.49,11.85
DEL-10588,DRV-012,2026-09-02 08:58:00,19915,Refused,No,4.35,4.55
DEL-10388,DRV-033,2026-09-02 08:58:00,18085,Accepted,Yes,4.84,4.95
DEL-10188,DRV-041,2026-09-02 08:58:00,10623,Refused,Yes,13.28,13.72
DEL-10435,DRV-006,2026-09-02 08:58:00,21795,Accepted,Yes,13.42,13.77
DEL-10364,DRV-048,2026-09-02 08:59:00,7121,N/A,No,10.1,10.58
DEL-10260,DRV-007,2026-09-02 08:59:00,13166,Refused,No,11.6,12.05
DEL-10405,DRV-047,2026-09-02 08:59:00,19422,N/A,No,11.95,12.18
DEL-10234,DRV-029,2026-09-02 08:59:00,7563,N/A,Yes,8.87,9.08
DEL-10255,DRV-037,2026-09-02 09:00:00,11035,N/A,No,13.38,13.78
DEL-10343,DRV-040,2026-09-02 09:00:00,4393,Accepted,Yes,13.93,14.29
DEL-10250,DRV-041,2026-09-02 09:00:00,14910,Accepted,No,7.01,7.2
DEL-10204,DRV-030,2026-09-02 09:00:00,7450,N/A,Yes,2.74,2.77
DEL-10396,DRV-025,2026-09-02 09:00:00,12869,Refused,Yes,9.52,9.88
DEL-10408,DRV-028,2026-09-02 09:00:00,2036,Refused,No,11.56,12.04
DEL-10503,DRV-014,2026-09-02 09:00:00,19180,Refused,No,16.3,16.85
DEL-10400,DRV-015,2026-09-02 09:00:00,11842,Accepted,No,5.7,5.8
DEL-10571,DRV-004,2026-09-02 09:00:00,9025,Accepted,Yes,13.87,14.54
DEL-10420,DRV-047,2026-09-02 09:01:00,10993,Accepted,No,9.92,10.14
DEL-10289,DRV-031,2026-09-02 09:01:00,13177,Refused,No,1.83,1.9
DEL-10254,DRV-036,2026-09-02 09:01:00,24712,Accepted,No,19.13,20.02
DEL-10604,DRV-017,2026-09-02 09:01:00,23213,Accepted,No,4.98,5.08
DEL-10376,DRV-001,2026-09-02 09:02:00,10167,N/A,Yes,15.0,15.26
DEL-10286,DRV-037,2026-09-02 09:02:00,5204,Refused,No,5.6,5.66
DEL-10245,DRV-050,2026-09-02 09:02:00,17227,N/A,Yes,4.19,4.32
DEL-10416,DRV-022,2026-09-02 09:02:00,1002,Accepted,Yes,6.76,7.09
DEL-10141,DRV-011,2026-09-02 09:02:00,23152,Refused,Yes,1.05,1.07
DEL-10271,DRV-029,2026-09-02 09:02:00,8337,Refused,No,5.45,5.7
DEL-10208,DRV-010,2026-09-02 09:03:00,18201,Refused,Yes,19.76,20.04
DEL-10513,DRV-028,2026-09-02 09:03:00,16710,Refused,No,16.67,22.2
DEL-10129,DRV-035,2026-09-02 09:03:00,15075,Refused,Yes,19.07,19.43
DEL-10304,DRV-041,2026-09-02 09:03:00,17312,N/A,Yes,8.72,9.14
DEL-10617,DRV-017,2026-09-02 09:03:00,18329,Refused,Yes,2.73,2.8
DEL-10327,DRV-002,2026-09-02 09:03:00,21519,N/A,No,2.54,2.63
DEL-10166,DRV-021,2026-09-02 09:04:00,23355,Accepted,No,17.52,17.86
DEL-10321,DRV-009,2026-09-02 09:04:00,2315,Accepted,Yes,9.22,9.42
DEL-10163,DRV-018,2026-09-02 09:04:00,14096,Refused,No,15.68,16.35
DEL-10242,DRV-026,2026-09-02 09:04:00,11142,Accepted,No,1.4,1.46
DEL-10381,DRV-045,2026-09-02 09:04:00,22382,Accepted,No,5.49,5.61
DEL-10332,DRV-046,2026-09-02 09:04:00,11817,Refused,Yes,7.07,7.36
DEL-10342,DRV-019,2026-09-02 09:04:00,17023,Refused,No,2.4,2.5
DEL-10206,DRV-049,2026-09-02 09:05:00,19714,Accepted,Yes,11.53,11.8
DEL-10404,DRV-015,2026-09-02 09:05:00,2349,Accepted,No,11.26,11.48
DEL-10427,DRV-005,2026-09-02 09:05:00,22396,Accepted,Yes,18.96,19.46
DEL-10390,DRV-033,2026-09-02 09:05:00,2323,Refused,Yes,9.46,9.75
DEL-10384,DRV-030,2026-09-02 09:05:00,20348,Refused,No,15.21,15.79
DEL-10417,DRV-008,2026-09-02 09:05:00,16193,Accepted,Yes,15.19,15.58
DEL-10438,DRV-007,2026-09-02 09:05:00,1894,Accepted,Yes,18.0,18.83
DEL-10237,DRV-020,2026-09-02 09:06:00,4996,Refused,No,18.96,19.4
DEL-10389,DRV-034,2026-09-02 09:06:00,22791,Accepted,No,9.39,9.52
DEL-10437,DRV-006,2026-09-02 09:06:00,14718,N/A,No,10.5,10.84
DEL-10297,DRV-024,2026-09-02 09:06:00,13607,N/A,No,9.3,9.73
DEL-10729,DRV-038,2026-09-02 09:06:00,22361,N/A,No,11.84,12.28
DEL-10353,DRV-044,2026-09-02 09:07:00,16568,Refused,Yes,5.6,5.7
DEL-10593,DRV-012,2026-09-02 09:07:00,11103,Accepted,Yes,18.46,18.75
DEL-10795,DRV-027,2026-09-02 09:07:00,24101,Accepted,No,16.41,17.02
DEL-10337,DRV-032,2026-09-02 09:07:00,13385,N/A,No,1.44,1.51
DEL-10646,DRV-004,2026-09-02 09:07:00,19251,Accepted,Yes,4.1,4.25
DEL-10453,DRV-033,2026-09-02 09:07:00,1360,Accepted,No,8.75,9.03
DEL-10280,DRV-042,2026-09-02 09:07:00,5285,Accepted,Yes,7.37,7.53
DEL-10442,DRV-046,2026-09-02 09:07:00,3021,Refused,Yes,16.6,17.14
DEL-10444,DRV-048,2026-09-02 09:08:00,23087,N/A,Yes,3.66,3.77
DEL-10303,DRV-023,2026-09-02 09:08:00,14752,Refused,Yes,12.68,12.84
DEL-10268,DRV-050,2026-09-02 09:08:00,20070,Refused,Yes,12.74,12.95
DEL-10464,DRV-016,2026-09-02 09:08:00,9684,Refused,No,7.19,7.29
DEL-10393,DRV-003,2026-09-02 09:08:00,17618,Refused,Yes,9.05,9.48
DEL-10346,DRV-031,2026-09-02 09:09:00,5380,N/A,Yes,10.87,11.12
DEL-10505,DRV-033,2026-09-02 09:09:00,22759,Accepted,Yes,19.72,20.68
DEL-10373,DRV-039,2026-09-02 09:09:00,11478,Refused,No,3.04,3.19
DEL-10436,DRV-025,2026-09-02 09:09:00,2338,N/A,Yes,11.5,11.94
DEL-10294,DRV-013,2026-09-02 09:10:00,10841,Refused,No,17.83,18.71
DEL-10426,DRV-047,2026-09-02 09:10:00,6530,N/A,Yes,11.38,11.73
DEL-10215,DRV-010,2026-09-02 09:10:00,9511,N/A,No,2.25,2.31
DEL-10227,DRV-043,2026-09-02 09:10:00,9263,Accepted,Yes,16.76,20.09
DEL-10698,DRV-004,2026-09-02 09:11:00,5723,Accepted,No,19.65,20.56
DEL-10467,DRV-005,2026-09-02 09:11:00,13906,N/A,No,16.56,16.82
DEL-10451,DRV-007,2026-09-02 09:11:00,10601,Refused,No,2.74,2.85
DEL-10521,DRV-015,2026-09-02 09:11:00,15083,Accepted,Yes,10.87,11.28
DEL-10477,DRV-034,2026-09-02 09:12:00,16102,Accepted,No,10.18,10.58
DEL-10292,DRV-042,2026-09-02 09:12:00,22935,Refused,No,4.33,4.48
DEL-10439,DRV-045,2026-09-02 09:12:00,16081,Refused,Yes,17.86,18.7
DEL-10619,DRV-017,2026-09-02 09:12:00,9300,N/A,Yes,5.3,5.39
DEL-10379,DRV-001,2026-09-02 09:12:00,8217,Refused,No,5.95,6.24
DEL-10361,DRV-023,2026-09-02 09:13:00,24147,Refused,No,11.65,11.82
DEL-10329,DRV-041,2026-09-02 09:13:00,21534,Refused,No,11.37,11.6
DEL-10219,DRV-021,2026-09-02 09:13:00,22294,Refused,No,9.11,9.55
DEL-10349,DRV-002,2026-09-02 09:13:00,22579,Accepted,No,8.0,8.27
DEL-10385,DRV-031,2026-09-02 09:13:00,18174,Refused,Yes,15.39,15.96
DEL-10229,DRV-010,2026-09-02 09:13:00,13632,Accepted,Yes,11.76,12.23
DEL-10226,DRV-018,2026-09-02 09:13:00,14561,N/A,Yes,11.91,12.32
DEL-10527,DRV-006,2026-09-02 09:14:00,5087,Accepted,No,18.04,18.47
DEL-10347,DRV-040,2026-09-02 09:14:00,13376,N/A,No,7.05,8.39
DEL-10528,DRV-028,2026-09-02 09:14:00,5081,Accepted,No,6.98,7.23
DEL-10341,DRV-024,2026-09-02 09:14:00,2176,N/A,Yes,1.86,1.91
DEL-10489,DRV-008,2026-09-02 09:14:00,23222,Accepted,No,4.48,4.6
DEL-10431,DRV-047,2026-09-02 09:14:00,9894,Accepted,No,6.22,6.48
DEL-10526,DRV-014,2026-09-02 09:14:00,22773,Refused,Yes,12.93,13.5
DEL-10275,DRV-036,2026-09-02 09:14:00,23811,N/A,Yes,18.75,19.15
DEL-10836,DRV-027,2026-09-02 09:14:00,17424,N/A,Yes,19.15,19.88
DEL-10132,DRV-035,2026-09-02 09:14:00,1991,Accepted,No,3.41,3.54
DEL-10471,DRV-016,2026-09-02 09:15:00,15870,Refused,Yes,13.49,13.93
DEL-10461,DRV-022,2026-09-02 09:15:00,14610,N/A,Yes,9.36,9.57
DEL-10357,DRV-021,2026-09-02 09:15:00,15562,N/A,No,19.18,19.79
DEL-10251,DRV-020,2026-09-02 09:15:00,19879,Accepted,No,16.13,16.62
DEL-10443,DRV-037,2026-09-02 09:15:00,13251,N/A,No,16.86,17.29
DEL-10228,DRV-049,2026-09-02 09:15:00,11635,Refused,Yes,6.87,8.29
DEL-10363,DRV-019,2026-09-02 09:15:00,3089,Refused,No,19.15,24.2
DEL-10391,DRV-030,2026-09-02 09:15:00,18810,Refused,No,11.71,12.17
DEL-10345,DRV-026,2026-09-02 09:16:00,1984,Accepted,Yes,10.5,10.9
DEL-10261,DRV-043,2026-09-02 09:16:00,20249,Accepted,No,19.32,19.58
DEL-10469,DRV-005,2026-09-02 09:16:00,20093,Refused,No,9.53,9.83
DEL-10402,DRV-002,2026-09-02 09:16:00,2704,Accepted,Yes,5.57,5.73
DEL-10460,DRV-001,2026-09-02 09:16:00,11386,N/A,No,19.03,19.83
DEL-10603,DRV-006,2026-09-02 09:16:00,22455,N/A,No,16.61,17.07
DEL-10448,DRV-025,2026-09-02 09:16:00,18145,Refused,Yes,9.21,9.33
DEL-10482,DRV-048,2026-09-02 09:16:00,6965,Refused,No,12.67,12.99
DEL-10541,DRV-028,2026-09-02 09:16:00,8319,Accepted,Yes,14.87,15.07
DEL-10483,DRV-046,2026-09-02 09:16:00,9620,N/A,Yes,5.08,5.25
DEL-10457,DRV-032,2026-09-02 09:16:00,5979,Refused,No,3.77,3.87
DEL-10458,DRV-031,2026-09-02 09:16:00,12333,Refused,Yes,15.87,16.49
DEL-10247,DRV-010,2026-09-02 09:17:00,6185,N/A,Yes,5.86,6.1
DEL-10145,DRV-011,2026-09-02 09:17:00,19998,N/A,No,16.06,16.5
DEL-10334,DRV-029,2026-09-02 09:17:00,3672,Accepted,No,5.71,5.98
DEL-10523,DRV-015,2026-09-02 09:17:00,24445,Accepted,Yes,8.28,8.47
DEL-10692,DRV-012,2026-09-02 09:17:00,10021,Refused,No,17.61,18.09
DEL-10409,DRV-021,2026-09-02 09:18:00,13877,Accepted,No,14.23,14.59
DEL-10533,DRV-005,2026-09-02 09:18:00,895,Refused,No,11.04,11.21
DEL-10465,DRV-037,2026-09-02 09:18:00,18379,Accepted,Yes,4.8,5.03
DEL-10490,DRV-009,2026-09-02 09:19:00,14362,Accepted,No,11.92,12.34
DEL-10383,DRV-019,2026-09-02 09:19:00,7736,Accepted,Yes,7.98,8.21
DEL-10740,DRV-012,2026-09-02 09:19:00,4410,Refused,Yes,14.97,15.38
DEL-10358,DRV-044,2026-09-02 09:19:00,24123,N/A,No,15.67,16.21
DEL-10470,DRV-045,2026-09-02 09:19:00,1704,Refused,Yes,8.95,9.08
DEL-10592,DRV-031,2026-09-02 09:20:00,20623,Accepted,Yes,1.01,1.03
DEL-10273,DRV-050,2026-09-02 09:20:00,17783,Refused,Yes,8.26,8.61
DEL-10858,DRV-027,2026-09-02 09:20:00,22768,N/A,Yes,3.3,3.41
DEL-10144,DRV-035,2026-09-02 09:20:00,5382,Refused,Yes,5.27,5.34
DEL-10531,DRV-033,2026-09-02 09:20:00,13336,Refused,Yes,4.58,4.77
DEL-10252,DRV-020,2026-09-02 09:20:00,1732,Accepted,No,9.77,10.19
DEL-10780,DRV-038,2026-09-02 09:21:00,19834,Accepted,Yes,8.7,8.98
DEL-10452,DRV-007,2026-09-02 09:21:00,6640,Refused,No,3.52,3.63
DEL-10386,DRV-039,2026-09-02 09:21:00,3182,N/A,No,17.59,22.57
DEL-10421,DRV-003,2026-09-02 09:21:00,7750,N/A,Yes,11.69,14.03
DEL-10554,DRV-034,2026-09-02 09:21:00,13637,Accepted,No,19.65,20.53
DEL-10491,DRV-045,2026-09-02 09:21:00,6176,N/A,Yes,18.46,19.01
DEL-10608,DRV-005,2026-09-02 09:21:00,1594,Refused,Yes,16.18,16.55
DEL-10747,DRV-019,2026-09-02 09:22:00,20759,N/A,No,5.15,6.09
DEL-10713,DRV-004,2026-09-02 09:22:00,15391,Refused,No,16.52,19.47
DEL-10430,DRV-002,2026-09-02 09:22:00,18576,Refused,Yes,1.13,1.36
DEL-10249,DRV-049,2026-09-02 09:22:00,22819,N/A,No,12.01,12.55
DEL-10262,DRV-043,2026-09-02 09:22:00,11962,Refused,No,3.69,3.75
DEL-10497,DRV-008,2026-09-02 09:23:00,9278,N/A,No,11.88,12.26
DEL-10354,DRV-029,2026-09-02 09:23:00,5462,Refused,Yes,6.96,7.14
DEL-10638,DRV-006,2026-09-02 09:23:00,7426,Refused,No,4.57,4.75
DEL-10419,DRV-023,2026-09-02 09:23:00,12284,N/A,No,6.86,7.06
DEL-10267,DRV-010,2026-09-02 09:23:00,3814,N/A,Yes,2.47,2.56
DEL-10628,DRV-005,2026-09-02 09:23:00,18730,Refused,No,2.65,2.77
DEL-10429,DRV-030,2026-09-02 09:23:00,20745,N/A,No,8.09,8.38
DEL-10459,DRV-032,2026-09-02 09:24:00,6907,Refused,Yes,12.28,12.47
DEL-10632,DRV-017,2026-09-02 09:24:00,16411,N/A,No,8.28,8.38
DEL-10322,DRV-011,2026-09-02 09:24:00,23743,Accepted,No,7.13,7.47
DEL-10433,DRV-040,2026-09-02 09:24:00,12114,Refused,No,11.0,11.14
DEL-10543,DRV-048,2026-09-02 09:24:00,6255,Accepted,Yes,13.5,14.02
DEL-10447,DRV-018,2026-09-02 09:24:00,15263,Refused,Yes,15.89,16.28
DEL-10454,DRV-039,2026-09-02 09:25:00,11130,Refused,Yes,12.36,16.6
DEL-10529,DRV-016,2026-09-02 09:25:00,20161,N/A,No,11.51,11.98
DEL-10387,DRV-024,2026-09-02 09:25:00,18986,Accepted,Yes,2.48,2.59
DEL-10802,DRV-038,2026-09-02 09:25:00,6459,N/A,No,16.59,16.87
DEL-10359,DRV-013,2026-09-02 09:25:00,9642,N/A,No,19.19,19.55
DEL-10493,DRV-001,2026-09-02 09:25:00,6893,Refused,No,10.21,10.48
DEL-10296,DRV-050,2026-09-02 09:25:00,21987,Refused,No,1.91,1.94
DEL-10360,DRV-020,2026-09-02 09:25:00,23598,Accepted,No,15.65,16.0
DEL-10309,DRV-042,2026-09-02 09:25:00,4217,Accepted,Yes,6.3,6.49
DEL-10377,DRV-041,2026-09-02 09:25:00,14514,N/A,No,18.04,18.28
DEL-10645,DRV-017,2026-09-02 09:26:00,23072,Accepted,No,15.23,15.4
DEL-10476,DRV-047,2026-09-02 09:26:00,10720,Refused,No,3.69,3.84
DEL-10568,DRV-014,2026-09-02 09:26:00,15682,Refused,Yes,9.59,9.72
DEL-10455,DRV-025,2026-09-02 09:26:00,24251,N/A,Yes,15.8,16.32
DEL-10542,DRV-028,2026-09-02 09:27:00,20563,N/A,Yes,3.2,3.27
DEL-10492,DRV-009,2026-09-02 09:27:00,15278,N/A,Yes,4.55,4.75
DEL-10441,DRV-021,2026-09-02 09:27:00,7288,N/A,Yes,1.3,1.35
DEL-10445,DRV-023,2026-09-02 09:27:00,14822,Accepted,Yes,2.02,2.36
DEL-10586,DRV-015,2026-09-02 09:27:00,3781,Accepted,Yes,19.51,19.91
DEL-10366,DRV-043,2026-09-02 09:27:00,20930,Refused,Yes,18.2,18.42
DEL-10512,DRV-045,2026-09-02 09:27:00,2575,N/A,No,7.81,7.96
DEL-10382,DRV-026,2026-09-02 09:28:00,23554,Refused,Yes,14.04,14.54
DEL-10369,DRV-013,2026-09-02 09:28:00,9912,Refused,No,15.36,15.91
DEL-10283,DRV-036,2026-09-02 09:28:00,20451,N/A,No,18.86,19.13
DEL-10328,DRV-050,2026-09-02 09:29:00,20754,N/A,Yes,11.87,12.23
DEL-10654,DRV-017,2026-09-02 09:29:00,21847,Refused,Yes,13.47,17.72
DEL-10520,DRV-046,2026-09-02 09:29:00,7493,Refused,Yes,2.81,2.85
DEL-10537,DRV-033,2026-09-02 09:29:00,14379,N/A,No,15.58,15.79
DEL-10479,DRV-022,2026-09-02 09:29:00,22688,Accepted,Yes,13.31,17.52
DEL-10449,DRV-040,2026-09-02 09:29:00,8575,N/A,Yes,6.61,6.7
DEL-10380,DRV-020,2026-09-02 09:29:00,19272,Accepted,No,12.07,12.51
DEL-10525,DRV-037,2026-09-02 09:29:00,21799,Accepted,No,1.16,1.19
DEL-10378,DRV-043,2026-09-02 09:29:00,5107,Refused,No,2.81,2.94
DEL-10276,DRV-049,2026-09-02 09:29:00,15223,N/A,Yes,4.05,4.23
DEL-10509,DRV-025,2026-09-02 09:29:00,21262,Accepted,No,9.59,11.26
DEL-10462,DRV-039,2026-09-02 09:30:00,7081,Refused,No,19.0,19.33
DEL-10690,DRV-006,2026-09-02 09:30:00,2959,N/A,Yes,15.81,16.54
DEL-10570,DRV-021,2026-09-02 09:30:00,23803,Accepted,No,3.82,3.92
DEL-10362,DRV-044,2026-09-02 09:30:00,13428,Refused,Yes,11.32,11.56
DEL-10392,DRV-026,2026-09-02 09:30:00,598,N/A,Yes,5.83,6.02
DEL-10473,DRV-007,2026-09-02 09:31:00,17233,N/A,Yes,5.92,6.08
DEL-10397,DRV-043,2026-09-02 09:31:00,4857,N/A,No,17.62,17.88
DEL-10494,DRV-032,2026-09-02 09:31:00,15044,Refused,Yes,8.9,9.02
DEL-10510,DRV-018,2026-09-02 09:31:00,12593,Refused,No,14.2,14.53
DEL-10475,DRV-002,2026-09-02 09:31:00,10180,Refused,Yes,10.17,10.32
DEL-10560,DRV-034,2026-09-02 09:31:00,14256,Refused,Yes,19.68,20.64
DEL-10155,DRV-035,2026-09-02 09:31:00,15707,Refused,Yes,9.78,10.12
DEL-10916,DRV-027,2026-09-02 09:31:00,23713,Accepted,No,16.62,17.14
DEL-10664,DRV-031,2026-09-02 09:32:00,21287,N/A,Yes,2.02,2.08
DEL-10428,DRV-041,2026-09-02 09:32:00,23672,Accepted,Yes,5.4,5.5
DEL-10756,DRV-005,2026-09-02 09:32:00,5538,Accepted,No,15.19,15.78
DEL-10532,DRV-016,2026-09-02 09:32:00,4194,Accepted,No,10.4,10.77
DEL-10514,DRV-022,2026-09-02 09:32:00,4779,N/A,No,11.4,11.87
DEL-10199,DRV-035,2026-09-02 09:33:00,15364,Refused,No,3.58,3.7
DEL-10500,DRV-003,2026-09-02 09:33:00,11922,Accepted,No,9.54,9.97
DEL-10745,DRV-012,2026-09-02 09:33:00,17052,Accepted,No,10.89,12.76
DEL-10736,DRV-004,2026-09-02 09:33:00,13199,Refused,No,18.6,19.5
DEL-10434,DRV-026,2026-09-02 09:33:00,8469,N/A,Yes,9.72,9.93
DEL-10534,DRV-037,2026-09-02 09:33:00,21862,Refused,Yes,9.0,9.36
DEL-10662,DRV-015,2026-09-02 09:34:00,24886,Refused,No,7.75,8.07
DEL-10562,DRV-034,2026-09-02 09:34:00,12705,Refused,Yes,8.85,9.14
DEL-10594,DRV-046,2026-09-02 09:35:00,4134,N/A,No,18.43,19.32
DEL-10495,DRV-002,2026-09-02 09:35:00,7726,Refused,Yes,16.12,16.46
DEL-10715,DRV-023,2026-09-02 09:36:00,10067,N/A,No,16.77,17.41
DEL-10580,DRV-032,2026-09-02 09:36:00,18544,Refused,Yes,8.83,8.95
DEL-10751,DRV-019,2026-09-02 09:37:00,17436,Refused,No,1.47,1.51
DEL-10579,DRV-018,2026-09-02 09:37:00,5370,Accepted,Yes,6.32,6.55
DEL-10501,DRV-008,2026-09-02 09:37:00,8264,Accepted,No,15.74,16.44
DEL-10339,DRV-042,2026-09-02 09:37:00,9863,N/A,Yes,13.78,16.83
DEL-10596,DRV-021,2026-09-02 09:37:00,5661,N/A,No,3.59,3.74
DEL-10611,DRV-028,2026-09-02 09:37:00,5906,N/A,No,18.91,19.22
DEL-10657,DRV-017,2026-09-02 09:37:00,13757,Refused,Yes,18.23,18.84
DEL-10325,DRV-011,2026-09-02 09:37:00,19526,Accepted,Yes,12.24,12.68
DEL-10486,DRV-040,2026-09-02 09:37:00,4243,Refused,No,8.46,8.83
DEL-10466,DRV-030,2026-09-02 09:38:00,7369,Refused,No,18.92,19.74
DEL-10679,DRV-046,2026-09-02 09:38:00,1724,Refused,No,13.36,13.91
DEL-10599,DRV-047,2026-09-02 09:38:00,23503,N/A,No,1.03,1.08
DEL-10552,DRV-016,2026-09-02 09:38:00,24102,Refused,No,8.91,9.29
DEL-10463,DRV-026,2026-09-02 09:38:00,10050,N/A,No,19.41,23.12
DEL-10546,DRV-002,2026-09-02 09:38:00,14568,Refused,Yes,7.37,7.52
DEL-10305,DRV-010,2026-09-02 09:38:00,22719,Refused,Yes,17.12,17.38
DEL-10511,DRV-001,2026-09-02 09:38:00,24509,Accepted,No,17.51,18.13
DEL-10499,DRV-007,2026-09-02 09:38:00,21919,Accepted,No,14.98,15.65
DEL-10478,DRV-029,2026-09-02 09:38:00,10339,Accepted,Yes,7.06,7.14
DEL-10565,DRV-048,2026-09-02 09:39:00,15335,Refused,Yes,7.2,7.29
DEL-10355,DRV-050,2026-09-02 09:39:00,15953,N/A,Yes,12.62,13.1
DEL-10522,DRV-008,2026-09-02 09:39:00,14338,N/A,Yes,19.77,20.35
DEL-10314,DRV-036,2026-09-02 09:39:00,10328,Accepted,Yes,11.3,11.77
DEL-10634,DRV-022,2026-09-02 09:39:00,2115,N/A,No,14.12,14.78
DEL-10754,DRV-014,2026-09-02 09:39:00,7485,N/A,No,13.74,14.34
DEL-10336,DRV-011,2026-09-02 09:39:00,17366,Refused,No,10.47,10.94
DEL-10518,DRV-024,2026-09-02 09:39:00,12684,N/A,Yes,5.76,5.83
DEL-10769,DRV-017,2026-09-02 09:39:00,6442,N/A,Yes,4.69,4.9
DEL-10990,DRV-046,2026-09-02 09:40:00,17266,N/A,Yes,8.3,8.51
DEL-10295,DRV-035,2026-09-02 09:40:00,1699,N/A,Yes,9.99,10.2
DEL-10507,DRV-009,2026-09-02 09:40:00,23810,Refused,Yes,5.74,5.97
DEL-10583,DRV-032,2026-09-02 09:40:00,19035,N/A,No,7.54,7.73
DEL-10406,DRV-010,2026-09-02 09:40:00,17580,Accepted,No,19.73,20.16
DEL-10834,DRV-038,2026-09-02 09:40:00,16293,Accepted,No,17.38,17.6
DEL-10567,DRV-029,2026-09-02 09:40:00,13820,Accepted,No,9.86,10.34
DEL-10704,DRV-047,2026-09-02 09:40:00,11829,N/A,No,5.72,5.81
DEL-10695,DRV-006,2026-09-02 09:40:00,11730,Accepted,Yes,8.08,8.29
DEL-10308,DRV-049,2026-09-02 09:41:00,5011,N/A,No,2.46,2.52
DEL-10644,DRV-039,2026-09-02 09:41:00,16051,N/A,No,9.48,9.71
DEL-10370,DRV-050,2026-09-02 09:41:00,19313,Accepted,Yes,2.7,2.83
DEL-10530,DRV-045,2026-09-02 09:42:00,22074,Refused,Yes,1.51,1.56
DEL-10517,DRV-009,2026-09-02 09:42:00,10391,Accepted,No,17.76,18.0
DEL-10539,DRV-033,2026-09-02 09:42:00,5591,N/A,No,18.5,21.51
DEL-10623,DRV-016,2026-09-02 09:42:00,3087,Refused,Yes,10.05,10.35
DEL-10485,DRV-043,2026-09-02 09:42:00,17792,N/A,No,17.39,17.98
DEL-10737,DRV-004,2026-09-02 09:42:00,8735,Accepted,No,1.25,1.3
DEL-10771,DRV-017,2026-09-02 09:42:00,24276,N/A,No,2.87,3.01
DEL-10765,DRV-047,2026-09-02 09:42:00,865,N/A,Yes,13.31,13.51
DEL-10794,DRV-012,2026-09-02 09:42:00,20227,N/A,Yes,3.99,4.14
DEL-10536,DRV-003,2026-09-02 09:43:00,13540,N/A,No,18.53,19.18
DEL-10414,DRV-013,2026-09-02 09:43:00,12859,N/A,Yes,1.98,2.07
DEL-10547,DRV-037,2026-09-02 09:44:00,16757,Refused,No,12.92,13.08
DEL-10578,DRV-025,2026-09-02 09:44:00,6162,Refused,Yes,13.98,14.63
DEL-10772,DRV-023,2026-09-02 09:44:00,21978,Accepted,Yes,3.44,3.51
DEL-10403,DRV-044,2026-09-02 09:44:00,2095,Accepted,Yes,14.36,14.73
DEL-10468,DRV-020,2026-09-02 09:44:00,22083,Accepted,No,5.6,5.83
DEL-10622,DRV-034,2026-09-02 09:44:00,18047,N/A,No,8.95,9.24
DEL-10761,DRV-005,2026-09-02 09:44:00,16976,Accepted,No,7.8,8.12
DEL-10633,DRV-018,2026-09-02 09:44:00,20758,N/A,No,8.66,8.76
DEL-10626,DRV-028,2026-09-02 09:45:00,22884,Refused,Yes,2.49,2.61
DEL-10755,DRV-014,2026-09-02 09:45:00,23527,N/A,No,11.22,11.62
DEL-10456,DRV-011,2026-09-02 09:45:00,6054,Accepted,No,14.02,14.33
DEL-10652,DRV-043,2026-09-02 09:45:00,12762,N/A,No,19.36,19.78
DEL-10572,DRV-029,2026-09-02 09:45:00,18526,Accepted,Yes,11.56,11.89
DEL-10577,DRV-030,2026-09-02 09:45:00,19305,Refused,No,1.96,2.5
DEL-10317,DRV-036,2026-09-02 09:45:00,3325,Accepted,No,3.47,3.56
DEL-10699,DRV-031,2026-09-02 09:46:00,22729,Refused,Yes,16.24,16.8
DEL-10591,DRV-003,2026-09-02 09:46:00,8122,N/A,Yes,2.71,2.74
DEL-10595,DRV-024,2026-09-02 09:46:00,22196,Refused,Yes,14.39,14.73
DEL-10750,DRV-021,2026-09-02 09:46:00,4215,Refused,No,8.25,8.51
DEL-10660,DRV-043,2026-09-02 09:47:00,6435,Refused,Yes,17.65,18.16
DEL-10411,DRV-010,2026-09-02 09:47:00,2388,N/A,No,16.31,17.1
DEL-10399,DRV-049,2026-09-02 09:47:00,10276,Refused,No,1.43,1.47
DEL-10324,DRV-036,2026-09-02 09:47:00,20980,Refused,Yes,6.21,8.1
DEL-10792,DRV-023,2026-09-02 09:47:00,16297,N/A,Yes,10.25,10.56
DEL-10519,DRV-041,2026-09-02 09:47:00,23419,Accepted,No,6.8,7.05
DEL-10925,DRV-014,2026-09-02 09:47:00,18530,N/A,No,8.13,8.33
DEL-10351,DRV-042,2026-09-02 09:48:00,19455,N/A,Yes,15.88,16.5
DEL-10440,DRV-044,2026-09-02 09:48:00,18294,N/A,Yes,18.59,18.91
DEL-10782,DRV-015,2026-09-02 09:48:00,19820,N/A,No,17.94,18.22
DEL-10544,DRV-045,2026-09-02 09:48:00,16766,Refused,No,1.22,1.45
DEL-10597,DRV-032,2026-09-02 09:48:00,6208,N/A,No,13.33,13.58
DEL-10487,DRV-040,2026-09-02 09:49:00,20700,Refused,Yes,4.28,4.48
DEL-10550,DRV-001,2026-09-02 09:49:00,15958,Refused,No,5.65,5.91
DEL-10986,DRV-038,2026-09-02 09:49:00,23310,N/A,Yes,18.82,19.3
DEL-10395,DRV-050,2026-09-02 09:49:00,21521,N/A,No,3.57,3.66
DEL-10663,DRV-022,2026-09-02 09:49:00,19687,Refused,No,8.06,8.42
DEL-10563,DRV-033,2026-09-02 09:49:00,13422,Accepted,Yes,3.54,3.64
DEL-10374,DRV-035,2026-09-02 09:50:00,4897,N/A,No,10.96,11.19
DEL-10810,DRV-017,2026-09-02 09:50:00,8118,Accepted,No,10.07,10.41
DEL-10752,DRV-019,2026-09-02 09:51:00,6808,Refused,Yes,18.07,18.94
DEL-10508,DRV-044,2026-09-02 09:51:00,5158,N/A,No,8.46,8.76
DEL-10589,DRV-002,2026-09-02 09:51:00,12023,N/A,Yes,14.37,14.84
DEL-10616,DRV-008,2026-09-02 09:51:00,13524,Refused,No,6.86,7.17
DEL-10620,DRV-045,2026-09-02 09:52:00,3308,N/A,No,13.68,14.26
DEL-10587,DRV-048,2026-09-02 09:52:00,7689,N/A,No,2.06,2.39
DEL-10799,DRV-012,2026-09-02 09:52:00,13785,N/A,Yes,10.82,11.31
DEL-10885,DRV-004,2026-09-02 09:52:00,1225,Accepted,Yes,19.42,19.83
DEL-10640,DRV-033,2026-09-02 09:52:00,17679,N/A,Yes,8.66,8.81
DEL-10605,DRV-007,2026-09-02 09:52:00,2077,Refused,No,14.69,15.27
DEL-10581,DRV-025,2026-09-02 09:53:00,7035,N/A,Yes,3.61,3.74
DEL-10637,DRV-029,2026-09-02 09:53:00,11014,Refused,No,15.71,16.25
DEL-10504,DRV-011,2026-09-02 09:53:00,23570,Refused,No,7.15,8.96
DEL-10415,DRV-013,2026-09-02 09:53:00,19753,N/A,Yes,16.29,16.77
DEL-10474,DRV-026,2026-09-02 09:53:00,22767,N/A,Yes,9.8,10.03
DEL-10869,DRV-006,2026-09-02 09:54:00,13274,Refused,Yes,13.44,13.71
DEL-10800,DRV-047,2026-09-02 09:54:00,9788,Accepted,Yes,13.57,13.95
DEL-10743,DRV-039,2026-09-02 09:54:00,20992,N/A,No,1.97,2.03
DEL-10930,DRV-023,2026-09-02 09:54:00,9183,Refused,Yes,3.97,4.05
DEL-10721,DRV-031,2026-09-02 09:54:00,6306,N/A,Yes,18.56,19.29
DEL-10607,DRV-007,2026-09-02 09:54:00,19441,N/A,Yes,16.75,17.03
DEL-10840,DRV-016,2026-09-02 09:55:00,7275,Accepted,Yes,17.58,18.34
DEL-10693,DRV-008,2026-09-02 09:55:00,2003,Accepted,Yes,2.8,2.9
DEL-10450,DRV-010,2026-09-02 09:55:00,21271,Accepted,No,8.22,8.41
DEL-10624,DRV-034,2026-09-02 09:55:00,22701,N/A,Yes,16.21,16.45
DEL-10540,DRV-041,2026-09-02 09:55:00,21793,N/A,Yes,15.5,15.85
DEL-10524,DRV-020,2026-09-02 09:55:00,4862,N/A,Yes,3.61,3.66
DEL-10410,DRV-049,2026-09-02 09:55:00,8396,Accepted,No,11.22,11.72
DEL-10675,DRV-003,2026-09-02 09:55:00,10029,Refused,No,6.67,6.85
DEL-10813,DRV-021,2026-09-02 09:55:00,3992,Accepted,No,8.77,9.09
DEL-10838,DRV-012,2026-09-02 09:56:00,12084,Accepted,No,10.05,10.22
DEL-10559,DRV-001,2026-09-02 09:56:00,12829,N/A,No,15.42,15.64
DEL-10614,DRV-024,2026-09-02 09:56:00,3371,Refused,No,1.07,1.09
DEL-10516,DRV-011,2026-09-02 09:56:00,15886,Refused,Yes,9.38,9.85
DEL-10481,DRV-026,2026-09-02 09:57:00,6607,N/A,No,12.97,13.3
DEL-10548,DRV-037,2026-09-02 09:57:00,5654,Refused,Yes,4.17,4.36
DEL-10618,DRV-025,2026-09-02 09:57:00,15107,Accepted,No,8.02,8.24
DEL-10498,DRV-049,2026-09-02 09:57:00,24059,Refused,Yes,1.79,1.88
DEL-10545,DRV-009,2026-09-02 09:57:00,9306,N/A,Yes,15.25,15.87
DEL-10609,DRV-007,2026-09-02 09:57:00,6074,Refused,Yes,2.41,2.5
DEL-10787,DRV-015,2026-09-02 09:57:00,7275,N/A,No,1.81,1.86
DEL-10703,DRV-043,2026-09-02 09:58:00,17509,N/A,Yes,17.59,18.07
DEL-10814,DRV-017,2026-09-02 09:58:00,18067,Refused,No,5.96,6.17
DEL-10773,DRV-005,2026-09-02 09:58:00,10913,Refused,No,18.1,18.52
DEL-10649,DRV-001,2026-09-02 09:58:00,20434,Refused,No,5.25,5.39
DEL-10629,DRV-034,2026-09-02 09:58:00,905,N/A,No,9.7,9.84
DEL-10688,DRV-032,2026-09-02 09:59:00,23051,Refused,No,18.3,18.65
DEL-10669,DRV-018,2026-09-02 09:59:00,6024,N/A,Yes,4.98,5.13
DEL-10368,DRV-036,2026-09-02 09:59:00,5675,Refused,No,19.58,20.15
DEL-10667,DRV-030,2026-09-02 10:00:00,23951,Accepted,Yes,3.72,3.83
DEL-10775,DRV-028,2026-09-02 10:00:00,10763,Accepted,Yes,4.2,4.36
DEL-10724,DRV-022,2026-09-02 10:01:00,15338,Accepted,Yes,19.44,19.96
DEL-10791,DRV-005,2026-09-02 10:01:00,12831,Accepted,No,10.82,11.08
DEL-10673,DRV-001,2026-09-02 10:01:00,8653,Accepted,No,12.91,13.2
DEL-10636,DRV-045,2026-09-02 10:01:00,7969,Accepted,No,14.01,14.7
DEL-10553,DRV-037,2026-09-02 10:01:00,16950,N/A,Yes,8.08,8.22
DEL-10701,DRV-032,2026-09-02 10:01:00,13976,Refused,Yes,3.15,3.19
DEL-10613,DRV-020,2026-09-02 10:01:00,2126,Refused,No,5.51,5.6
DEL-10854,DRV-012,2026-09-02 10:01:00,4906,N/A,No,9.01,9.38
DEL-10446,DRV-050,2026-09-02 10:01:00,20016,Refused,No,12.66,16.17
DEL-10502,DRV-040,2026-09-02 10:02:00,5938,N/A,Yes,13.02,13.56
DEL-10829,DRV-047,2026-09-02 10:02:00,19601,Refused,No,16.77,17.58
DEL-10413,DRV-042,2026-09-02 10:02:00,15238,Refused,Yes,2.5,2.58
DEL-10831,DRV-017,2026-09-02 10:02:00,17088,Accepted,Yes,4.33,4.46
DEL-10650,DRV-025,2026-09-02 10:03:00,15540,Refused,Yes,17.18,17.67
DEL-10783,DRV-033,2026-09-02 10:03:00,13501,Refused,Yes,10.7,11.09
DEL-10789,DRV-034,2026-09-02 10:03:00,9461,N/A,No,13.04,13.47
DEL-10996,DRV-038,2026-09-02 10:03:00,15368,Refused,No,13.53,13.71
DEL-10725,DRV-045,2026-09-02 10:04:00,17286,Refused,No,17.84,18.53
DEL-10821,DRV-028,2026-09-02 10:04:00,9120,Accepted,No,2.67,2.71
DEL-10515,DRV-044,2026-09-02 10:04:00,2005,Accepted,No,15.48,15.64
DEL-10832,DRV-022,2026-09-02 10:04:00,17319,Refused,No,18.99,19.71
DEL-10812,DRV-008,2026-09-02 10:04:00,18593,Refused,Yes,10.88,11.29
DEL-10861,DRV-019,2026-09-02 10:04:00,5246,Accepted,No,9.81,10.07
DEL-10398,DRV-035,2026-09-02 10:04:00,4672,N/A,Yes,8.47,8.84
DEL-10684,DRV-018,2026-09-02 10:04:00,23461,Accepted,No,12.83,13.38
DEL-10606,DRV-011,2026-09-02 10:05:00,16657,Refused,No,17.81,18.38
DEL-10895,DRV-004,2026-09-02 10:05:00,7636,Accepted,Yes,17.41,18.02
DEL-10423,DRV-013,2026-09-02 10:05:00,12946,N/A,Yes,7.27,7.49
DEL-10602,DRV-048,2026-09-02 10:06:00,11864,Refused,Yes,2.48,2.57
DEL-10535,DRV-050,2026-09-02 10:06:00,19746,Accepted,Yes,2.39,3.15
DEL-10484,DRV-035,2026-09-02 10:06:00,11181,Accepted,No,4.55,4.62
DEL-10881,DRV-006,2026-09-02 10:06:00,19935,Refused,Yes,9.02,9.21
DEL-10734,DRV-029,2026-09-02 10:06:00,22635,N/A,Yes,2.95,3.07
DEL-10615,DRV-002,2026-09-02 10:06:00,21412,Refused,Yes,4.93,5.07
DEL-10627,DRV-041,2026-09-02 10:06:00,19998,Refused,No,3.81,3.99
DEL-10564,DRV-009,2026-09-02 10:07:00,9052,Refused,No,5.5,5.71
DEL-10424,DRV-042,2026-09-02 10:07:00,11561,Refused,No,18.93,19.85
DEL-10561,DRV-010,2026-09-02 10:07:00,3548,Accepted,Yes,14.52,15.19
DEL-10696,DRV-030,2026-09-02 10:08:00,13139,N/A,No,6.16,6.42
DEL-10574,DRV-026,2026-09-02 10:08:00,21153,N/A,Yes,8.07,8.34
DEL-10762,DRV-020,2026-09-02 10:08:00,9724,Refused,No,12.52,12.84
DEL-10852,DRV-047,2026-09-02 10:08:00,8226,N/A,No,6.13,6.4
DEL-10412,DRV-036,2026-09-02 10:08:00,13227,Accepted,No,11.07,11.27
DEL-10549,DRV-044,2026-09-02 10:08:00,7984,N/A,Yes,14.73,14.9
DEL-10950,DRV-008,2026-09-02 10:08:00,15939,Accepted,No,6.8,6.92
DEL-10716,DRV-003,2026-09-02 10:08:00,16635,Accepted,No,18.04,18.3
DEL-10865,DRV-012,2026-09-02 10:08:00,4597,N/A,Yes,17.23,17.86
DEL-10796,DRV-031,2026-09-02 10:09:00,5783,N/A,No,5.0,5.05
DEL-10612,DRV-007,2026-09-02 10:09:00,6725,Refused,No,7.29,7.56
DEL-10635,DRV-024,2026-09-02 10:09:00,10430,Refused,No,1.38,1.44
DEL-10556,DRV-013,2026-09-02 10:09:00,10458,N/A,Yes,6.54,6.73
DEL-10778,DRV-039,2026-09-02 10:09:00,9695,Accepted,Yes,2.56,2.61
DEL-10914,DRV-015,2026-09-02 10:09:00,2822,Accepted,Yes,12.51,12.96
DEL-10625,DRV-049,2026-09-02 10:09:00,5977,Accepted,Yes,9.53,9.67
DEL-10849,DRV-016,2026-09-02 10:09:00,20589,Refused,No,6.12,6.23
DEL-10863,DRV-021,2026-09-02 10:10:00,10047,N/A,No,7.02,7.26
DEL-10677,DRV-011,2026-09-02 10:10:00,13718,Accepted,Yes,19.01,24.29
DEL-10601,DRV-040,2026-09-02 10:10:00,19031,Accepted,No,5.2,5.28
DEL-10763,DRV-043,2026-09-02 10:10:00,5622,N/A,Yes,1.59,1.61
DEL-10915,DRV-006,2026-09-02 10:11:00,21436,Accepted,No,9.89,10.21
DEL-10723,DRV-025,2026-09-02 10:11:00,20455,N/A,Yes,8.95,9.14
DEL-10681,DRV-002,2026-09-02 10:12:00,4294,Refused,No,1.92,1.97
DEL-10917,DRV-047,2026-09-02 10:12:00,10458,Accepted,Yes,2.34,2.45
DEL-10860,DRV-033,2026-09-02 10:12:00,24634,Refused,Yes,10.26,10.52
DEL-10707,DRV-032,2026-09-02 10:12:00,11342,Refused,Yes,7.09,7.3
DEL-10742,DRV-030,2026-09-02 10:12:00,5572,Accepted,Yes,14.48,18.54
DEL-10928,DRV-015,2026-09-02 10:12:00,10818,Accepted,No,5.08,5.32
DEL-10555,DRV-050,2026-09-02 10:12:00,11224,Accepted,No,17.05,17.23
DEL-10828,DRV-034,2026-09-02 10:12:00,23556,Accepted,Yes,1.29,1.33
DEL-10631,DRV-037,2026-09-02 10:13:00,9874,N/A,No,15.81,16.52
DEL-10988,DRV-006,2026-09-02 10:13:00,23166,N/A,Yes,5.75,5.97
DEL-10870,DRV-019,2026-09-02 10:13:00,4642,Accepted,Yes,9.42,9.52
DEL-10728,DRV-045,2026-09-02 10:13:00,23776,Accepted,No,13.1,17.16
DEL-10573,DRV-009,2026-09-02 10:13:00,2520,Accepted,Yes,3.31,4.08
DEL-10639,DRV-024,2026-09-02 10:14:00,17384,Accepted,Yes,16.6,16.97
DEL-10804,DRV-025,2026-09-02 10:14:00,1042,Accepted,No,3.51,3.66
DEL-10896,DRV-021,2026-09-02 10:14:00,9547,N/A,Yes,1.29,1.32
DEL-10569,DRV-044,2026-09-02 10:14:00,23591,N/A,Yes,6.78,6.91
DEL-10566,DRV-013,2026-09-02 10:14:00,19659,Accepted,Yes,3.59,3.64
DEL-10689,DRV-001,2026-09-02 10:15:00,4118,N/A,No,13.76,13.98
DEL-10496,DRV-035,2026-09-02 10:15:00,15485,N/A,No,6.48,6.69
DEL-10897,DRV-016,2026-09-02 10:15:00,1876,N/A,No,1.17,1.21
DEL-10837,DRV-017,2026-09-02 10:15:00,3547,Refused,No,5.72,5.79
DEL-10855,DRV-020,2026-09-02 10:16:00,19106,Accepted,No,5.77,5.85
DEL-10805,DRV-039,2026-09-02 10:16:00,16093,N/A,Yes,2.83,2.96
DEL-10939,DRV-019,2026-09-02 10:16:00,5350,Accepted,No,15.94,16.15
DEL-10653,DRV-007,2026-09-02 10:16:00,11519,Refused,No,10.15,10.6
DEL-10903,DRV-029,2026-09-02 10:17:00,18284,N/A,No,11.62,11.82
DEL-10630,DRV-010,2026-09-02 10:17:00,19765,N/A,Yes,3.82,4.0
DEL-10830,DRV-018,2026-09-02 10:17:00,6874,Refused,No,5.3,5.47
DEL-10883,DRV-012,2026-09-02 10:17:00,4116,N/A,No,3.6,3.72
DEL-10425,DRV-042,2026-09-02 10:17:00,15600,Accepted,No,15.05,15.3
DEL-10694,DRV-011,2026-09-02 10:17:00,14843,N/A,No,7.24,7.57
DEL-11000,DRV-004,2026-09-02 10:17:00,6340,Accepted,No,3.07,3.18
DEL-10977,DRV-015,2026-09-02 10:18:00,7146,Accepted,Yes,15.1,15.36
DEL-10801,DRV-031,2026-09-02 10:18:00,6089,Accepted,No,17.48,18.07
DEL-10733,DRV-045,2026-09-02 10:18:00,7184,N/A,Yes,15.9,16.29
DEL-10643,DRV-041,2026-09-02 10:18:00,22820,Accepted,Yes,18.54,19.0
DEL-10777,DRV-030,2026-09-02 10:18:00,10509,Refused,Yes,9.46,9.62
DEL-10857,DRV-022,2026-09-02 10:18:00,12306,N/A,No,5.94,6.08
DEL-10807,DRV-039,2026-09-02 10:18:00,539,N/A,No,11.25,11.6
DEL-10642,DRV-024,2026-09-02 10:18:00,9477,Refused,No,14.39,14.82
DEL-10680,DRV-040,2026-09-02 10:19:00,2071,N/A,Yes,1.92,1.99
DEL-10422,DRV-036,2026-09-02 10:19:00,19477,N/A,No,18.76,19.17
DEL-10946,DRV-002,2026-09-02 10:19:00,6046,Refused,No,15.62,16.17
DEL-10850,DRV-028,2026-09-02 10:19:00,23460,Refused,No,5.0,5.22
DEL-10661,DRV-048,2026-09-02 10:20:00,18818,Accepted,No,5.91,6.12
DEL-10931,DRV-020,2026-09-02 10:20:00,13600,N/A,Yes,2.75,2.86
DEL-10647,DRV-044,2026-09-02 10:20:00,21851,Refused,Yes,4.93,5.15
DEL-10989,DRV-008,2026-09-02 10:20:00,23641,Refused,No,2.73,2.77
DEL-10923,DRV-021,2026-09-02 10:20:00,11138,Refused,No,11.45,11.91
DEL-10720,DRV-001,2026-09-02 10:21:00,2091,N/A,No,11.08,11.56
DEL-10757,DRV-003,2026-09-02 10:21:00,2278,Accepted,No,2.66,2.75
DEL-10655,DRV-049,2026-09-02 10:21:00,2360,N/A,No,5.57,5.77
DEL-10710,DRV-032,2026-09-02 10:21:00,1082,Accepted,No,15.16,15.56
DEL-10658,DRV-037,2026-09-02 10:22:00,11744,N/A,Yes,16.5,17.12
DEL-10671,DRV-026,2026-09-02 10:22:00,16143,Refused,Yes,9.15,9.26
DEL-10674,DRV-007,2026-09-02 10:23:00,19789,Refused,Yes,8.29,8.39
DEL-10480,DRV-036,2026-09-02 10:23:00,18845,Refused,No,4.04,4.12
DEL-10678,DRV-009,2026-09-02 10:24:00,1218,N/A,Yes,5.01,5.08
DEL-10670,DRV-049,2026-09-02 10:24:00,4740,N/A,No,15.82,16.38
DEL-10472,DRV-042,2026-09-02 10:24:00,13594,Refused,No,13.87,17.7
DEL-10911,DRV-034,2026-09-02 10:24:00,1934,Accepted,Yes,13.52,14.13
DEL-10538,DRV-035,2026-09-02 10:24:00,5503,Refused,Yes,11.22,11.47
DEL-10833,DRV-025,2026-09-02 10:25:00,8471,Refused,No,11.7,12.14
DEL-10717,DRV-040,2026-09-02 10:25:00,4456,Refused,Yes,4.72,4.85
DEL-10932,DRV-047,2026-09-02 10:25:00,16311,Accepted,No,7.17,7.48
DEL-10906,DRV-029,2026-09-02 10:25:00,9129,N/A,No,6.62,6.81
DEL-10774,DRV-043,2026-09-02 10:25:00,19642,Accepted,No,6.81,7.1
DEL-10924,DRV-028,2026-09-02 10:25:00,11098,N/A,Yes,16.7,17.24
DEL-10585,DRV-050,2026-09-02 10:25:00,15956,N/A,No,6.34,6.6
DEL-10922,DRV-033,2026-09-02 10:25:00,5683,N/A,No,7.41,7.76
DEL-10984,DRV-019,2026-09-02 10:25:00,2287,N/A,Yes,12.65,13.01
DEL-10706,DRV-011,2026-09-02 10:26:00,15877,Refused,Yes,10.61,10.75
DEL-10876,DRV-017,2026-09-02 10:26:00,845,Accepted,Yes,3.96,4.05
DEL-10979,DRV-016,2026-09-02 10:26:00,1870,N/A,No,9.12,9.47
DEL-10935,DRV-028,2026-09-02 10:27:00,4449,Accepted,Yes,8.91,9.23
DEL-10590,DRV-013,2026-09-02 10:27:00,16629,N/A,No,16.9,19.86
DEL-10766,DRV-001,2026-09-02 10:28:00,13413,N/A,Yes,11.88,12.14
DEL-10929,DRV-033,2026-09-02 10:28:00,19230,Accepted,Yes,11.57,11.7
DEL-10902,DRV-025,2026-09-02 10:28:00,4914,Refused,Yes,7.81,8.04
DEL-10962,DRV-002,2026-09-02 10:29:00,9681,Accepted,Yes,18.94,19.39
DEL-10818,DRV-045,2026-09-02 10:29:00,3785,Accepted,No,19.04,19.83
DEL-10784,DRV-040,2026-09-02 10:29:00,17347,Accepted,No,14.0,14.23
DEL-10641,DRV-013,2026-09-02 10:29:00,8675,Accepted,No,16.9,17.1
DEL-10651,DRV-044,2026-09-02 10:29:00,20934,Refused,Yes,10.89,11.0
DEL-10709,DRV-037,2026-09-02 10:29:00,16833,Refused,No,9.51,9.65
DEL-10823,DRV-039,2026-09-02 10:30:00,23316,Refused,Yes,2.09,2.15
DEL-10842,DRV-043,2026-09-02 10:30:00,717,N/A,Yes,10.36,10.82
DEL-10904,DRV-012,2026-09-02 10:30:00,11106,N/A,No,11.33,11.57
DEL-10714,DRV-024,2026-09-02 10:30:00,4236,Accepted,Yes,14.6,14.75
DEL-10685,DRV-007,2026-09-02 10:31:00,20740,Accepted,No,10.72,10.88
DEL-10748,DRV-049,2026-09-02 10:31:00,788,Accepted,No,19.64,20.19
DEL-10851,DRV-018,2026-09-02 10:31:00,19223,Accepted,Yes,9.56,9.97
DEL-10948,DRV-047,2026-09-02 10:32:00,4182,N/A,Yes,17.2,17.54
DEL-10786,DRV-003,2026-09-02 10:32:00,16479,Accepted,Yes,5.16,5.27
DEL-10809,DRV-031,2026-09-02 10:32:00,12992,Refused,Yes,16.0,16.43
DEL-10666,DRV-010,2026-09-02 10:32:00,7063,Refused,No,3.61,3.79
DEL-10941,DRV-033,2026-09-02 10:32:00,23367,Accepted,Yes,9.26,9.53
DEL-10659,DRV-041,2026-09-02 10:33:00,22515,Refused,No,15.91,16.61
DEL-10600,DRV-050,2026-09-02 10:33:00,1561,Accepted,No,19.34,20.25
DEL-10788,DRV-030,2026-09-02 10:33:00,1807,N/A,No,17.75,18.0
DEL-10967,DRV-020,2026-09-02 10:33:00,17664,Accepted,No,14.08,14.78
DEL-10944,DRV-021,2026-09-02 10:34:00,19374,Accepted,Yes,14.01,14.53
DEL-10582,DRV-035,2026-09-02 10:34:00,13033,N/A,No,16.1,16.57
DEL-10945,DRV-028,2026-09-02 10:34:00,6741,Refused,No,7.94,9.38
DEL-10610,DRV-036,2026-09-02 10:34:00,3550,Refused,No,18.89,19.61
DEL-10767,DRV-048,2026-09-02 10:34:00,24287,Refused,Yes,15.09,15.49
DEL-10746,DRV-026,2026-09-02 10:34:00,7748,Accepted,No,2.75,2.81
DEL-10887,DRV-001,2026-09-02 10:35:00,11703,Refused,No,10.38,13.5
DEL-10682,DRV-036,2026-09-02 10:36:00,23498,Accepted,Yes,5.8,6.02
DEL-10576,DRV-042,2026-09-02 10:36:00,4720,Accepted,No,9.43,9.57
DEL-10888,DRV-032,2026-09-02 10:36:00,15694,N/A,Yes,19.96,26.49
DEL-10825,DRV-039,2026-09-02 10:36:00,23386,Accepted,Yes,10.7,11.1
DEL-10648,DRV-050,2026-09-02 10:36:00,16035,Accepted,Yes,13.96,14.44
DEL-10731,DRV-010,2026-09-02 10:36:00,2354,Accepted,No,2.01,2.09
DEL-10722,DRV-009,2026-09-02 10:37:00,22045,N/A,No,2.97,3.06
DEL-10839,DRV-048,2026-09-02 10:37:00,6731,Refused,Yes,13.98,14.25
DEL-10926,DRV-029,2026-09-02 10:37:00,13511,Accepted,Yes,9.5,9.97
DEL-10873,DRV-045,2026-09-02 10:37:00,19860,N/A,No,11.25,11.65
DEL-10919,DRV-034,2026-09-02 10:37:00,19178,N/A,Yes,13.48,13.92
DEL-10665,DRV-013,2026-09-02 10:38:00,22805,Refused,No,10.51,10.79
DEL-10668,DRV-041,2026-09-02 10:39:00,10769,N/A,Yes,19.75,19.95
DEL-10841,DRV-040,2026-09-02 10:39:00,3995,Accepted,Yes,7.76,8.05
DEL-10913,DRV-025,2026-09-02 10:40:00,17730,N/A,No,13.5,13.66
DEL-10993,DRV-047,2026-09-02 10:40:00,15122,Refused,Yes,15.6,15.83
DEL-10871,DRV-043,2026-09-02 10:41:00,11156,Refused,No,7.78,8.16
DEL-10732,DRV-011,2026-09-02 10:41:00,22893,Refused,Yes,19.69,20.55
DEL-10921,DRV-045,2026-09-02 10:41:00,3911,Accepted,Yes,13.64,14.08
DEL-10656,DRV-044,2026-09-02 10:41:00,1334,N/A,No,3.66,3.84
DEL-10987,DRV-021,2026-09-02 10:41:00,6361,Refused,Yes,9.57,10.0
DEL-10844,DRV-049,2026-09-02 10:41:00,9683,Refused,Yes,18.4,19.14
DEL-10808,DRV-024,2026-09-02 10:42:00,23360,N/A,No,17.62,17.96
DEL-10730,DRV-035,2026-09-02 10:43:00,14340,Accepted,Yes,6.43,6.5
DEL-10884,DRV-018,2026-09-02 10:43:00,16621,Accepted,No,14.31,14.46
DEL-10744,DRV-037,2026-09-02 10:43:00,2888,N/A,No,11.45,11.81
DEL-10947,DRV-029,2026-09-02 10:44:00,8150,Accepted,No,1.85,1.88
DEL-10686,DRV-007,2026-09-02 10:44:00,20455,Accepted,No,10.46,10.91
DEL-10676,DRV-044,2026-09-02 10:44:00,11730,Refused,No,19.91,20.71
DEL-10847,DRV-030,2026-09-02 10:45:00,775,Accepted,Yes,7.0,7.18
DEL-10826,DRV-024,2026-09-02 10:45:00,509,Accepted,Yes,5.55,5.83
DEL-10875,DRV-031,2026-09-02 10:45:00,3434,Refused,No,11.25,11.53
DEL-10961,DRV-033,2026-09-02 10:45:00,2531,N/A,No,6.24,6.52
DEL-10672,DRV-013,2026-09-02 10:46:00,961,Refused,Yes,14.88,15.04
DEL-10683,DRV-041,2026-09-02 10:46:00,14291,N/A,Yes,1.18,1.22
DEL-10797,DRV-003,2026-09-02 10:46:00,19910,Accepted,Yes,3.43,3.55
DEL-10758,DRV-037,2026-09-02 10:47:00,8975,Refused,No,16.61,17.08
DEL-10753,DRV-011,2026-09-02 10:47:00,18128,N/A,Yes,19.46,20.14
DEL-10866,DRV-048,2026-09-02 10:47:00,3123,Accepted,Yes,14.31,14.68
DEL-10898,DRV-010,2026-09-02 10:47:00,3432,Accepted,Yes,8.06,8.3
DEL-10700,DRV-050,2026-09-02 10:48:00,1444,N/A,Yes,7.81,8.04
DEL-10705,DRV-036,2026-09-02 10:48:00,20583,Accepted,Yes,17.95,18.59
DEL-10759,DRV-026,2026-09-02 10:48:00,1053,Refused,Yes,9.23,9.52
DEL-10959,DRV-034,2026-09-02 10:49:00,16554,Refused,Yes,6.79,6.86
DEL-10691,DRV-042,2026-09-02 10:49:00,10200,Refused,No,5.39,5.45
DEL-10793,DRV-009,2026-09-02 10:49:00,8036,Accepted,No,9.36,9.53
DEL-10957,DRV-032,2026-09-02 10:49:00,17918,Accepted,Yes,17.47,17.78
DEL-10958,DRV-030,2026-09-02 10:49:00,23846,Accepted,Yes,11.65,15.36
DEL-10764,DRV-026,2026-09-02 10:50:00,18382,Refused,Yes,16.14,16.49
DEL-10905,DRV-039,2026-09-02 10:50:00,16926,Refused,Yes,18.38,18.95
DEL-10882,DRV-048,2026-09-02 10:52:00,9308,Refused,Yes,11.11,11.6
DEL-10856,DRV-011,2026-09-02 10:52:00,8832,Refused,Yes,2.14,2.2
DEL-10738,DRV-041,2026-09-02 10:52:00,21721,Refused,Yes,14.39,14.98
DEL-10909,DRV-043,2026-09-02 10:53:00,13197,Accepted,No,19.38,20.17
DEL-10785,DRV-037,2026-09-02 10:53:00,22107,Accepted,No,19.03,19.94
DEL-10933,DRV-045,2026-09-02 10:53:00,3624,N/A,No,14.35,14.51
DEL-10697,DRV-042,2026-09-02 10:53:00,5965,Accepted,Yes,17.84,18.52
DEL-10708,DRV-036,2026-09-02 10:54:00,13714,Accepted,Yes,13.22,13.59
DEL-10862,DRV-040,2026-09-02 10:54:00,2837,Accepted,Yes,11.86,12.14
DEL-10943,DRV-048,2026-09-02 10:54:00,8440,Accepted,No,10.96,11.41
DEL-10995,DRV-032,2026-09-02 10:54:00,18309,Accepted,No,17.25,17.59
DEL-10781,DRV-035,2026-09-02 10:54:00,18184,Refused,Yes,17.99,18.43
DEL-10848,DRV-007,2026-09-02 10:55:00,20579,Refused,Yes,7.18,8.57
DEL-10991,DRV-025,2026-09-02 10:55:00,6099,Refused,Yes,1.83,1.86
DEL-10845,DRV-009,2026-09-02 10:56:00,18410,Refused,Yes,2.03,2.09
DEL-10889,DRV-049,2026-09-02 10:56:00,2336,Refused,No,19.08,19.33
DEL-10719,DRV-044,2026-09-02 10:56:00,15262,Refused,Yes,12.19,12.78
DEL-10953,DRV-043,2026-09-02 10:56:00,8870,Accepted,Yes,11.01,11.25
DEL-10877,DRV-031,2026-09-02 10:56:00,23036,Refused,No,11.17,11.42
DEL-10978,DRV-029,2026-09-02 10:57:00,16554,N/A,No,17.48,18.26
DEL-10900,DRV-010,2026-09-02 10:58:00,4019,Accepted,No,14.33,14.61
DEL-10843,DRV-024,2026-09-02 10:58:00,16633,N/A,No,12.79,13.17
DEL-10779,DRV-041,2026-09-02 10:58:00,2970,Accepted,Yes,2.45,2.55
DEL-10687,DRV-013,2026-09-02 10:59:00,13926,Refused,Yes,7.8,7.89
DEL-10798,DRV-003,2026-09-02 10:59:00,5312,Accepted,Yes,17.93,18.29
DEL-10702,DRV-042,2026-09-02 11:00:00,23587,N/A,Yes,6.97,7.31
DEL-10827,DRV-050,2026-09-02 11:01:00,22443,Refused,No,8.59,8.88
DEL-10908,DRV-040,2026-09-02 11:02:00,20822,Accepted,No,17.28,17.95
DEL-10954,DRV-045,2026-09-02 11:02:00,2239,Refused,Yes,12.74,12.9
DEL-10971,DRV-048,2026-09-02 11:02:00,24138,Refused,Yes,18.74,19.04
DEL-10880,DRV-011,2026-09-02 11:02:00,21667,Refused,No,14.58,14.85
DEL-10817,DRV-026,2026-09-02 11:04:00,22103,Accepted,Yes,14.98,15.4
DEL-10890,DRV-031,2026-09-02 11:04:00,8694,Refused,Yes,4.45,4.52
DEL-10949,DRV-040,2026-09-02 11:04:00,9926,Accepted,No,18.61,19.31
DEL-10927,DRV-039,2026-09-02 11:05:00,4926,Refused,Yes,1.31,1.34
DEL-10974,DRV-045,2026-09-02 11:05:00,4893,N/A,No,15.82,16.43
DEL-10822,DRV-003,2026-09-02 11:05:00,13628,N/A,No,14.77,15.34
DEL-10727,DRV-044,2026-09-02 11:05:00,23778,N/A,Yes,3.52,3.63
DEL-10981,DRV-029,2026-09-02 11:05:00,1889,Accepted,No,9.68,10.16
DEL-10886,DRV-009,2026-09-02 11:06:00,24325,Accepted,Yes,14.59,14.79
DEL-10867,DRV-007,2026-09-02 11:06:00,16005,N/A,Yes,2.21,2.23
DEL-10910,DRV-010,2026-09-02 11:06:00,11070,Refused,No,12.65,12.83
DEL-10790,DRV-037,2026-09-02 11:07:00,21919,Refused,No,4.3,4.44
DEL-10806,DRV-035,2026-09-02 11:07:00,4350,Accepted,No,10.56,10.94
DEL-10918,DRV-007,2026-09-02 11:08:00,8069,N/A,No,2.92,2.97
DEL-10878,DRV-050,2026-09-02 11:08:00,10098,N/A,Yes,9.18,9.56
DEL-10846,DRV-026,2026-09-02 11:08:00,6227,Refused,Yes,17.35,18.01
DEL-10997,DRV-039,2026-09-02 11:08:00,18435,Refused,Yes,1.12,1.13
DEL-10711,DRV-036,2026-09-02 11:08:00,3478,N/A,No,11.43,11.95
DEL-10955,DRV-043,2026-09-02 11:09:00,22130,Refused,Yes,6.15,6.22
DEL-10952,DRV-040,2026-09-02 11:10:00,5131,N/A,Yes,14.87,15.24
DEL-10749,DRV-042,2026-09-02 11:10:00,20853,Accepted,Yes,12.66,13.13
DEL-10970,DRV-010,2026-09-02 11:10:00,10942,Refused,No,14.81,15.14
DEL-10975,DRV-024,2026-09-02 11:11:00,13196,Refused,No,4.5,4.57
DEL-10803,DRV-044,2026-09-02 11:11:00,23687,Refused,Yes,7.51,7.65
DEL-10999,DRV-043,2026-09-02 11:12:00,20268,Refused,No,11.98,12.54
DEL-10760,DRV-042,2026-09-02 11:12:00,2572,N/A,Yes,14.69,15.25
DEL-10820,DRV-041,2026-09-02 11:12:00,3484,Accepted,No,1.1,1.15
DEL-10983,DRV-029,2026-09-02 11:13:00,10479,Refused,No,8.56,8.7
DEL-10892,DRV-003,2026-09-02 11:13:00,24595,Accepted,Yes,4.78,4.92
DEL-10811,DRV-035,2026-09-02 11:14:00,6693,Accepted,Yes,8.76,9.05
DEL-10718,DRV-013,2026-09-02 11:14:00,4031,Refused,Yes,14.62,15.31
DEL-10835,DRV-041,2026-09-02 11:15:00,7721,N/A,Yes,15.98,16.65
DEL-10966,DRV-009,2026-09-02 11:16:00,5040,N/A,Yes,4.93,5.15
DEL-10891,DRV-050,2026-09-02 11:17:00,13109,Refused,Yes,14.58,15.16
DEL-10994,DRV-009,2026-09-02 11:18:00,615,N/A,No,19.25,19.45
DEL-10934,DRV-037,2026-09-02 11:20:00,2332,Refused,No,8.25,8.62
DEL-10864,DRV-026,2026-09-02 11:20:00,15078,Refused,No,6.15,6.31
DEL-10907,DRV-050,2026-09-02 11:20:00,16443,Refused,Yes,13.12,13.71
DEL-10874,DRV-041,2026-09-02 11:21:00,14753,N/A,No,17.67,18.49
DEL-10712,DRV-036,2026-09-02 11:21:00,22502,Refused,No,4.93,5.05
DEL-10992,DRV-010,2026-09-02 11:21:00,23832,Accepted,No,4.4,4.5
DEL-10872,DRV-035,2026-09-02 11:22:00,18474,Refused,Yes,18.76,19.68
DEL-10768,DRV-042,2026-09-02 11:24:00,5167,Accepted,Yes,17.18,17.5
DEL-10739,DRV-013,2026-09-02 11:24:00,6313,N/A,Yes,6.59,8.44
DEL-10973,DRV-040,2026-09-02 11:24:00,20967,Refused,Yes,5.39,5.52
DEL-10998,DRV-010,2026-09-02 11:24:00,11936,Accepted,Yes,2.05,2.14
DEL-10982,DRV-003,2026-09-02 11:24:00,17412,N/A,Yes,11.6,11.8
DEL-10868,DRV-026,2026-09-02 11:24:00,3227,Accepted,No,10.96,11.34
DEL-10815,DRV-044,2026-09-02 11:25:00,7174,Refused,No,8.55,8.7
DEL-10937,DRV-037,2026-09-02 11:25:00,16962,N/A,Yes,3.84,3.9
DEL-10776,DRV-042,2026-09-02 11:26:00,12279,Accepted,No,9.29,9.71
DEL-10824,DRV-013,2026-09-02 11:27:00,17478,Refused,Yes,17.16,17.35
DEL-10951,DRV-035,2026-09-02 11:29:00,18405,N/A,No,5.03,5.19
DEL-10853,DRV-013,2026-09-02 11:29:00,24700,Accepted,No,3.77,3.93
DEL-10968,DRV-050,2026-09-02 11:32:00,19008,Accepted,No,3.76,3.81
DEL-10726,DRV-036,2026-09-02 11:32:00,7082,Accepted,No,13.02,13.51
DEL-10963,DRV-026,2026-09-02 11:33:00,3376,N/A,No,13.48,13.9
DEL-10893,DRV-044,2026-09-02 11:33:00,11086,Accepted,Yes,19.26,20.03
DEL-10936,DRV-041,2026-09-02 11:33:00,10487,N/A,Yes,8.27,8.46
DEL-10735,DRV-036,2026-09-02 11:34:00,17241,N/A,No,8.39,8.71
DEL-10940,DRV-037,2026-09-02 11:34:00,18461,Refused,No,15.16,15.36
DEL-10912,DRV-013,2026-09-02 11:35:00,6778,Accepted,Yes,3.03,3.13
DEL-10942,DRV-013,2026-09-02 11:37:00,21872,N/A,Yes,10.27,10.6
DEL-10965,DRV-037,2026-09-02 11:38:00,10736,N/A,No,3.9,4.01
DEL-10741,DRV-036,2026-09-02 11:40:00,5773,N/A,No,6.02,6.08
DEL-10859,DRV-042,2026-09-02 11:41:00,6219,Refused,No,13.33,13.64
DEL-10980,DRV-026,2026-09-02 11:43:00,24829,N/A,Yes,12.62,13.01
DEL-10969,DRV-035,2026-09-02 11:43:00,17889,Refused,Yes,19.02,19.85
DEL-10956,DRV-042,2026-09-02 11:44:00,12974,N/A,Yes,8.34,8.72
DEL-10985,DRV-042,2026-09-02 11:46:00,24179,N/A,Yes,9.58,9.74
DEL-10899,DRV-044,2026-09-02 11:46:00,20984,Accepted,Yes,12.75,13.06
DEL-10770,DRV-036,2026-09-02 11:49:00,18511,Accepted,No,9.76,11.63
DEL-10972,DRV-013,2026-09-02 11:49:00,6553,Accepted,No,3.03,3.13
DEL-10816,DRV-036,2026-09-02 11:52:00,8815,Refused,No,11.54,12.01
DEL-10819,DRV-036,2026-09-02 11:56:00,22931,N/A,Yes,12.67,12.88
DEL-10938,DRV-044,2026-09-02 11:58:00,13373,Refused,Yes,14.9,15.18
DEL-10976,DRV-013,2026-09-02 12:04:00,13888,Accepted,No,5.3,5.55
DEL-10879,DRV-036,2026-09-02 12:06:00,13991,N/A,No,8.1,8.31
DEL-10894,DRV-036,2026-09-02 12:09:00,8800,Refused,No,10.9,11.1
DEL-10960,DRV-044,2026-09-02 12:12:00,20987,Refused,Yes,7.69,8.07
DEL-10901,DRV-036,2026-09-02 12:24:00,11880,Refused,Yes,15.98,16.15
DEL-10964,DRV-044,2026-09-02 12:26:00,20997,N/A,Yes,12.64,12.98
DEL-10920,DRV-036,2026-09-02 12:38:00,19529,Refused,Yes,8.89,9.22
