Delivery_ID,Driver_ID,Timestamp,Order_Value_INR,Distance_Variance_Pct,Flag_Distance_Tampering,Flag_High_Value_Leakage,Flag_GPS_Spoofing,Total_Risk_Score,Risk_Category
DEL-10824,DRV-013,"2026-09-02 11:27:00",17478,1.11,0,1,1,5,"Critical Risk (Spoofing/High Value)"
DEL-10558,DRV-027,"2026-09-02 08:50:00",18245,4.83,0,1,1,5,"Critical Risk (Spoofing/High Value)"
DEL-10023,DRV-035,"2026-09-02 08:15:00",21503,2.16,0,1,1,5,"Critical Risk (Spoofing/High Value)"
DEL-10366,DRV-043,"2026-09-02 09:27:00",20930,1.21,0,1,1,5,"Critical Risk (Spoofing/High Value)"
DEL-10535,DRV-050,"2026-09-02 10:06:00",19746,31.8,1,0,1,4,"Critical Risk (Spoofing/High Value)"
DEL-10460,DRV-001,"2026-09-02 09:16:00",11386,4.2,0,0,1,3,"Critical Risk (Spoofing/High Value)"
DEL-10649,DRV-001,"2026-09-02 09:58:00",20434,2.67,0,0,1,3,"Critical Risk (Spoofing/High Value)"
DEL-10430,DRV-002,"2026-09-02 09:22:00",18576,20.35,1,1,0,3,"Critical Risk (Spoofing/High Value)"
DEL-10066,DRV-003,"2026-09-02 08:41:00",7383,3.65,0,0,1,3,"Critical Risk (Spoofing/High Value)"
DEL-10198,DRV-003,"2026-09-02 08:54:00",10473,1.37,0,0,1,3,"Critical Risk (Spoofing/High Value)"
DEL-10591,DRV-003,"2026-09-02 09:46:00",8122,1.11,0,0,1,3,"Critical Risk (Spoofing/High Value)"
DEL-10698,DRV-004,"2026-09-02 09:11:00",5723,4.63,0,0,1,3,"Critical Risk (Spoofing/High Value)"
DEL-10394,DRV-005,"2026-09-02 08:52:00",15968,2.63,0,0,1,3,"Critical Risk (Spoofing/High Value)"
DEL-10628,DRV-005,"2026-09-02 09:23:00",18730,4.53,0,0,1,3,"Critical Risk (Spoofing/High Value)"
DEL-10279,DRV-006,"2026-09-02 08:33:00",1423,4.31,0,0,1,3,"Critical Risk (Spoofing/High Value)"
DEL-10609,DRV-007,"2026-09-02 09:57:00",6074,3.73,0,0,1,3,"Critical Risk (Spoofing/High Value)"
DEL-10848,DRV-007,"2026-09-02 10:55:00",20579,19.36,1,1,0,3,"Critical Risk (Spoofing/High Value)"
DEL-10517,DRV-009,"2026-09-02 09:42:00",10391,1.35,0,0,1,3,"Critical Risk (Spoofing/High Value)"
DEL-10994,DRV-009,"2026-09-02 11:18:00",615,1.04,0,0,1,3,"Critical Risk (Spoofing/High Value)"
DEL-10856,DRV-011,"2026-09-02 10:52:00",8832,2.8,0,0,1,3,"Critical Risk (Spoofing/High Value)"
DEL-10432,DRV-012,"2026-09-02 08:36:00",3656,1.98,0,0,1,3,"Critical Risk (Spoofing/High Value)"
DEL-10584,DRV-012,"2026-09-02 08:55:00",20066,4.67,0,0,1,3,"Critical Risk (Spoofing/High Value)"
DEL-10272,DRV-013,"2026-09-02 08:56:00",19191,4.13,0,0,1,3,"Critical Risk (Spoofing/High Value)"
DEL-10853,DRV-013,"2026-09-02 11:29:00",24700,4.24,0,0,1,3,"Critical Risk (Spoofing/High Value)"
DEL-10311,DRV-014,"2026-09-02 08:47:00",9857,1.81,0,0,1,3,"Critical Risk (Spoofing/High Value)"
DEL-10074,DRV-017,"2026-09-02 08:12:00",9198,3.42,0,0,1,3,"Critical Risk (Spoofing/High Value)"
DEL-10575,DRV-017,"2026-09-02 08:57:00",2957,1.79,0,0,1,3,"Critical Risk (Spoofing/High Value)"
DEL-10604,DRV-017,"2026-09-02 09:01:00",23213,2.01,0,0,1,3,"Critical Risk (Spoofing/High Value)"
DEL-10654,DRV-017,"2026-09-02 09:29:00",21847,31.55,1,1,0,3,"Critical Risk (Spoofing/High Value)"
DEL-10769,DRV-017,"2026-09-02 09:39:00",6442,4.48,0,0,1,3,"Critical Risk (Spoofing/High Value)"
DEL-10383,DRV-019,"2026-09-02 09:19:00",7736,2.88,0,0,1,3,"Critical Risk (Spoofing/High Value)"
DEL-10357,DRV-021,"2026-09-02 09:15:00",15562,3.18,0,0,1,3,"Critical Risk (Spoofing/High Value)"
DEL-10290,DRV-023,"2026-09-02 08:57:00",11798,4.07,0,0,1,3,"Critical Risk (Spoofing/High Value)"
DEL-10639,DRV-024,"2026-09-02 10:14:00",17384,2.23,0,0,1,3,"Critical Risk (Spoofing/High Value)"
DEL-10826,DRV-024,"2026-09-02 10:45:00",509,5.05,0,0,1,3,"Critical Risk (Spoofing/High Value)"
DEL-10621,DRV-027,"2026-09-02 08:55:00",19824,4.37,0,0,1,3,"Critical Risk (Spoofing/High Value)"
DEL-10194,DRV-030,"2026-09-02 08:47:00",22531,4.25,0,0,1,3,"Critical Risk (Spoofing/High Value)"
DEL-10204,DRV-030,"2026-09-02 09:00:00",7450,1.09,0,0,1,3,"Critical Risk (Spoofing/High Value)"
DEL-10384,DRV-030,"2026-09-02 09:05:00",20348,3.81,0,0,1,3,"Critical Risk (Spoofing/High Value)"
DEL-10592,DRV-031,"2026-09-02 09:20:00",20623,1.98,0,0,1,3,"Critical Risk (Spoofing/High Value)"
DEL-10701,DRV-032,"2026-09-02 10:01:00",13976,1.27,0,0,1,3,"Critical Risk (Spoofing/High Value)"
DEL-10505,DRV-033,"2026-09-02 09:09:00",22759,4.87,0,0,1,3,"Critical Risk (Spoofing/High Value)"
DEL-10562,DRV-034,"2026-09-02 09:34:00",12705,3.28,0,0,1,3,"Critical Risk (Spoofing/High Value)"
DEL-10324,DRV-036,"2026-09-02 09:47:00",20980,30.43,1,1,0,3,"Critical Risk (Spoofing/High Value)"
DEL-10480,DRV-036,"2026-09-02 10:23:00",18845,1.98,0,0,1,3,"Critical Risk (Spoofing/High Value)"
DEL-10682,DRV-036,"2026-09-02 10:36:00",23498,3.79,0,0,1,3,"Critical Risk (Spoofing/High Value)"
DEL-10465,DRV-037,"2026-09-02 09:18:00",18379,4.79,0,0,1,3,"Critical Risk (Spoofing/High Value)"
DEL-10965,DRV-037,"2026-09-02 11:38:00",10736,2.82,0,0,1,3,"Critical Risk (Spoofing/High Value)"
DEL-10557,DRV-038,"2026-09-02 08:51:00",6903,1.59,0,0,1,3,"Critical Risk (Spoofing/High Value)"
DEL-10835,DRV-041,"2026-09-02 11:15:00",7721,4.19,0,0,1,3,"Critical Risk (Spoofing/High Value)"
DEL-10424,DRV-042,"2026-09-02 10:07:00",11561,4.86,0,0,1,3,"Critical Risk (Spoofing/High Value)"
DEL-10697,DRV-042,"2026-09-02 10:53:00",5965,3.81,0,0,1,3,"Critical Risk (Spoofing/High Value)"
DEL-10223,DRV-043,"2026-09-02 08:57:00",14358,4.87,0,0,1,3,"Critical Risk (Spoofing/High Value)"
DEL-10378,DRV-043,"2026-09-02 09:29:00",5107,4.63,0,0,1,3,"Critical Risk (Spoofing/High Value)"
DEL-10397,DRV-043,"2026-09-02 09:31:00",4857,1.48,0,0,1,3,"Critical Risk (Spoofing/High Value)"
DEL-10508,DRV-044,"2026-09-02 09:51:00",5158,3.55,0,0,1,3,"Critical Risk (Spoofing/High Value)"
DEL-10676,DRV-044,"2026-09-02 10:44:00",11730,4.02,0,0,1,3,"Critical Risk (Spoofing/High Value)"
DEL-10620,DRV-045,"2026-09-02 09:52:00",3308,4.24,0,0,1,3,"Critical Risk (Spoofing/High Value)"
DEL-10263,DRV-046,"2026-09-02 08:41:00",10644,3.56,0,0,1,3,"Critical Risk (Spoofing/High Value)"
DEL-10189,DRV-047,"2026-09-02 08:06:00",10170,1.71,0,0,1,3,"Critical Risk (Spoofing/High Value)"
DEL-10094,DRV-049,"2026-09-02 08:54:00",21394,3.51,0,0,1,3,"Critical Risk (Spoofing/High Value)"
DEL-10670,DRV-049,"2026-09-02 10:24:00",4740,3.54,0,0,1,3,"Critical Risk (Spoofing/High Value)"
DEL-10027,DRV-050,"2026-09-02 08:10:00",518,2.97,0,0,1,3,"Critical Risk (Spoofing/High Value)"
DEL-10615,DRV-002,"2026-09-02 10:06:00",21412,2.84,0,1,0,2,"High Risk (Financial Leakage)"
DEL-10169,DRV-003,"2026-09-02 08:52:00",19839,4.41,0,1,0,2,"High Risk (Financial Leakage)"
DEL-10393,DRV-003,"2026-09-02 09:08:00",17618,4.75,0,1,0,2,"High Risk (Financial Leakage)"
DEL-10881,DRV-006,"2026-09-02 10:06:00",19935,2.11,0,1,0,2,"High Risk (Financial Leakage)"
DEL-10674,DRV-007,"2026-09-02 10:23:00",19789,1.21,0,1,0,2,"High Risk (Financial Leakage)"
DEL-10812,DRV-008,"2026-09-02 10:04:00",18593,3.77,0,1,0,2,"High Risk (Financial Leakage)"
DEL-10507,DRV-009,"2026-09-02 09:40:00",23810,4.01,0,1,0,2,"High Risk (Financial Leakage)"
DEL-10845,DRV-009,"2026-09-02 10:56:00",18410,2.96,0,1,0,2,"High Risk (Financial Leakage)"
DEL-10208,DRV-010,"2026-09-02 09:03:00",18201,1.42,0,1,0,2,"High Risk (Financial Leakage)"
DEL-10305,DRV-010,"2026-09-02 09:38:00",22719,1.52,0,1,0,2,"High Risk (Financial Leakage)"
DEL-10031,DRV-011,"2026-09-02 08:43:00",20376,4.64,0,1,0,2,"High Risk (Financial Leakage)"
DEL-10141,DRV-011,"2026-09-02 09:02:00",23152,1.9,0,1,0,2,"High Risk (Financial Leakage)"
DEL-10516,DRV-011,"2026-09-02 09:56:00",15886,5.01,0,1,0,2,"High Risk (Financial Leakage)"
DEL-10706,DRV-011,"2026-09-02 10:26:00",15877,1.32,0,1,0,2,"High Risk (Financial Leakage)"
DEL-10732,DRV-011,"2026-09-02 10:41:00",22893,4.37,0,1,0,2,"High Risk (Financial Leakage)"
DEL-10108,DRV-013,"2026-09-02 08:15:00",22606,1.53,0,1,0,2,"High Risk (Financial Leakage)"
DEL-10526,DRV-014,"2026-09-02 09:14:00",22773,4.41,0,1,0,2,"High Risk (Financial Leakage)"
DEL-10568,DRV-014,"2026-09-02 09:26:00",15682,1.36,0,1,0,2,"High Risk (Financial Leakage)"
DEL-10471,DRV-016,"2026-09-02 09:15:00",15870,3.26,0,1,0,2,"High Risk (Financial Leakage)"
DEL-10140,DRV-017,"2026-09-02 08:29:00",18861,3.17,0,1,0,2,"High Risk (Financial Leakage)"
DEL-10210,DRV-017,"2026-09-02 08:55:00",24804,4,0,1,0,2,"High Risk (Financial Leakage)"
DEL-10617,DRV-017,"2026-09-02 09:03:00",18329,2.56,0,1,0,2,"High Risk (Financial Leakage)"
DEL-10095,DRV-018,"2026-09-02 08:23:00",23881,2.14,0,1,0,2,"High Risk (Financial Leakage)"
DEL-10161,DRV-018,"2026-09-02 08:51:00",16310,2.81,0,1,0,2,"High Risk (Financial Leakage)"
DEL-10447,DRV-018,"2026-09-02 09:24:00",15263,2.45,0,1,0,2,"High Risk (Financial Leakage)"
DEL-10157,DRV-019,"2026-09-02 08:27:00",23380,1.07,0,1,0,2,"High Risk (Financial Leakage)"
DEL-10007,DRV-023,"2026-09-02 08:06:00",20282,3.92,0,1,0,2,"High Risk (Financial Leakage)"
DEL-10595,DRV-024,"2026-09-02 09:46:00",22196,2.36,0,1,0,2,"High Risk (Financial Leakage)"
DEL-10011,DRV-025,"2026-09-02 08:11:00",21330,2.55,0,1,0,2,"High Risk (Financial Leakage)"
DEL-10168,DRV-025,"2026-09-02 08:35:00",17445,3,0,1,0,2,"High Risk (Financial Leakage)"
DEL-10448,DRV-025,"2026-09-02 09:16:00",18145,1.3,0,1,0,2,"High Risk (Financial Leakage)"
DEL-10650,DRV-025,"2026-09-02 10:03:00",15540,2.85,0,1,0,2,"High Risk (Financial Leakage)"
DEL-10073,DRV-026,"2026-09-02 08:48:00",18070,1.44,0,1,0,2,"High Risk (Financial Leakage)"
DEL-10382,DRV-026,"2026-09-02 09:28:00",23554,3.56,0,1,0,2,"High Risk (Financial Leakage)"
DEL-10671,DRV-026,"2026-09-02 10:22:00",16143,1.2,0,1,0,2,"High Risk (Financial Leakage)"
DEL-10764,DRV-026,"2026-09-02 10:50:00",18382,2.17,0,1,0,2,"High Risk (Financial Leakage)"
DEL-10278,DRV-027,"2026-09-02 08:14:00",16847,2.49,0,1,0,2,"High Risk (Financial Leakage)"
DEL-10626,DRV-028,"2026-09-02 09:45:00",22884,4.82,0,1,0,2,"High Risk (Financial Leakage)"
DEL-10057,DRV-029,"2026-09-02 08:10:00",23843,3.68,0,1,0,2,"High Risk (Financial Leakage)"
DEL-10146,DRV-030,"2026-09-02 08:31:00",19671,2.98,0,1,0,2,"High Risk (Financial Leakage)"
DEL-10385,DRV-031,"2026-09-02 09:13:00",18174,3.7,0,1,0,2,"High Risk (Financial Leakage)"
DEL-10699,DRV-031,"2026-09-02 09:46:00",22729,3.45,0,1,0,2,"High Risk (Financial Leakage)"
DEL-10017,DRV-032,"2026-09-02 08:11:00",21564,2.11,0,1,0,2,"High Risk (Financial Leakage)"
DEL-10494,DRV-032,"2026-09-02 09:31:00",15044,1.35,0,1,0,2,"High Risk (Financial Leakage)"
DEL-10580,DRV-032,"2026-09-02 09:36:00",18544,1.36,0,1,0,2,"High Risk (Financial Leakage)"
DEL-10860,DRV-033,"2026-09-02 10:12:00",24634,2.53,0,1,0,2,"High Risk (Financial Leakage)"
DEL-10959,DRV-034,"2026-09-02 10:49:00",16554,1.03,0,1,0,2,"High Risk (Financial Leakage)"
DEL-10129,DRV-035,"2026-09-02 09:03:00",15075,1.89,0,1,0,2,"High Risk (Financial Leakage)"
DEL-10155,DRV-035,"2026-09-02 09:31:00",15707,3.48,0,1,0,2,"High Risk (Financial Leakage)"
DEL-10781,DRV-035,"2026-09-02 10:54:00",18184,2.45,0,1,0,2,"High Risk (Financial Leakage)"
DEL-10872,DRV-035,"2026-09-02 11:22:00",18474,4.9,0,1,0,2,"High Risk (Financial Leakage)"
DEL-10969,DRV-035,"2026-09-02 11:43:00",17889,4.36,0,1,0,2,"High Risk (Financial Leakage)"
DEL-10920,DRV-036,"2026-09-02 12:38:00",19529,3.71,0,1,0,2,"High Risk (Financial Leakage)"
DEL-10534,DRV-037,"2026-09-02 09:33:00",21862,4,0,1,0,2,"High Risk (Financial Leakage)"
DEL-10823,DRV-039,"2026-09-02 10:30:00",23316,2.87,0,1,0,2,"High Risk (Financial Leakage)"
DEL-10905,DRV-039,"2026-09-02 10:50:00",16926,3.1,0,1,0,2,"High Risk (Financial Leakage)"
DEL-10997,DRV-039,"2026-09-02 11:08:00",18435,0.89,0,1,0,2,"High Risk (Financial Leakage)"
DEL-10487,DRV-040,"2026-09-02 09:49:00",20700,4.67,0,1,0,2,"High Risk (Financial Leakage)"
DEL-10973,DRV-040,"2026-09-02 11:24:00",20967,2.41,0,1,0,2,"High Risk (Financial Leakage)"
DEL-10001,DRV-041,"2026-09-02 08:09:00",24799,1.92,0,1,0,2,"High Risk (Financial Leakage)"
DEL-10738,DRV-041,"2026-09-02 10:52:00",21721,4.1,0,1,0,2,"High Risk (Financial Leakage)"
DEL-10413,DRV-042,"2026-09-02 10:02:00",15238,3.2,0,1,0,2,"High Risk (Financial Leakage)"
DEL-10054,DRV-043,"2026-09-02 08:11:00",15482,1.06,0,1,0,2,"High Risk (Financial Leakage)"
DEL-10955,DRV-043,"2026-09-02 11:09:00",22130,1.14,0,1,0,2,"High Risk (Financial Leakage)"
DEL-10353,DRV-044,"2026-09-02 09:07:00",16568,1.79,0,1,0,2,"High Risk (Financial Leakage)"
DEL-10647,DRV-044,"2026-09-02 10:20:00",21851,4.46,0,1,0,2,"High Risk (Financial Leakage)"
DEL-10651,DRV-044,"2026-09-02 10:29:00",20934,1.01,0,1,0,2,"High Risk (Financial Leakage)"
DEL-10719,DRV-044,"2026-09-02 10:56:00",15262,4.84,0,1,0,2,"High Risk (Financial Leakage)"
DEL-10803,DRV-044,"2026-09-02 11:11:00",23687,1.86,0,1,0,2,"High Risk (Financial Leakage)"
DEL-10960,DRV-044,"2026-09-02 12:12:00",20987,4.94,0,1,0,2,"High Risk (Financial Leakage)"
DEL-10439,DRV-045,"2026-09-02 09:12:00",16081,4.7,0,1,0,2,"High Risk (Financial Leakage)"
DEL-10530,DRV-045,"2026-09-02 09:42:00",22074,3.31,0,1,0,2,"High Risk (Financial Leakage)"
DEL-10004,DRV-046,"2026-09-02 08:04:00",18356,2.77,0,1,0,2,"High Risk (Financial Leakage)"
DEL-10993,DRV-047,"2026-09-02 10:40:00",15122,1.47,0,1,0,2,"High Risk (Financial Leakage)"
DEL-10565,DRV-048,"2026-09-02 09:39:00",15335,1.25,0,1,0,2,"High Risk (Financial Leakage)"
DEL-10767,DRV-048,"2026-09-02 10:34:00",24287,2.65,0,1,0,2,"High Risk (Financial Leakage)"
DEL-10971,DRV-048,"2026-09-02 11:02:00",24138,1.6,0,1,0,2,"High Risk (Financial Leakage)"
DEL-10498,DRV-049,"2026-09-02 09:57:00",24059,5.03,0,1,0,2,"High Risk (Financial Leakage)"
DEL-10268,DRV-050,"2026-09-02 09:08:00",20070,1.65,0,1,0,2,"High Risk (Financial Leakage)"
DEL-10273,DRV-050,"2026-09-02 09:20:00",17783,4.24,0,1,0,2,"High Risk (Financial Leakage)"
DEL-10907,DRV-050,"2026-09-02 11:20:00",16443,4.5,0,1,0,2,"High Risk (Financial Leakage)"
DEL-10887,DRV-001,"2026-09-02 10:35:00",11703,30.06,1,0,0,1,"Medium Risk (Distance Tampering)"
DEL-10036,DRV-003,"2026-09-02 08:23:00",2821,33.24,1,0,0,1,"Medium Risk (Distance Tampering)"
DEL-10062,DRV-003,"2026-09-02 08:36:00",4786,23.36,1,0,0,1,"Medium Risk (Distance Tampering)"
DEL-10421,DRV-003,"2026-09-02 09:21:00",7750,20.02,1,0,0,1,"Medium Risk (Distance Tampering)"
DEL-10049,DRV-004,"2026-09-02 08:22:00",16123,29.23,1,0,0,1,"Medium Risk (Distance Tampering)"
DEL-10713,DRV-004,"2026-09-02 09:22:00",15391,17.86,1,0,0,1,"Medium Risk (Distance Tampering)"
DEL-10293,DRV-009,"2026-09-02 08:41:00",15497,16.36,1,0,0,1,"Medium Risk (Distance Tampering)"
DEL-10573,DRV-009,"2026-09-02 10:13:00",2520,23.26,1,0,0,1,"Medium Risk (Distance Tampering)"
DEL-10504,DRV-011,"2026-09-02 09:53:00",23570,25.31,1,0,0,1,"Medium Risk (Distance Tampering)"
DEL-10677,DRV-011,"2026-09-02 10:10:00",13718,27.77,1,0,0,1,"Medium Risk (Distance Tampering)"
DEL-10745,DRV-012,"2026-09-02 09:33:00",17052,17.17,1,0,0,1,"Medium Risk (Distance Tampering)"
DEL-10590,DRV-013,"2026-09-02 10:27:00",16629,17.51,1,0,0,1,"Medium Risk (Distance Tampering)"
DEL-10739,DRV-013,"2026-09-02 11:24:00",6313,28.07,1,0,0,1,"Medium Risk (Distance Tampering)"
DEL-10363,DRV-019,"2026-09-02 09:15:00",3089,26.37,1,0,0,1,"Medium Risk (Distance Tampering)"
DEL-10747,DRV-019,"2026-09-02 09:22:00",20759,18.25,1,0,0,1,"Medium Risk (Distance Tampering)"
DEL-10479,DRV-022,"2026-09-02 09:29:00",22688,31.63,1,0,0,1,"Medium Risk (Distance Tampering)"
DEL-10445,DRV-023,"2026-09-02 09:27:00",14822,16.83,1,0,0,1,"Medium Risk (Distance Tampering)"
DEL-10509,DRV-025,"2026-09-02 09:29:00",21262,17.41,1,0,0,1,"Medium Risk (Distance Tampering)"
DEL-10045,DRV-026,"2026-09-02 08:25:00",5894,22.42,1,0,0,1,"Medium Risk (Distance Tampering)"
DEL-10463,DRV-026,"2026-09-02 09:38:00",10050,19.11,1,0,0,1,"Medium Risk (Distance Tampering)"
DEL-10513,DRV-028,"2026-09-02 09:03:00",16710,33.17,1,0,0,1,"Medium Risk (Distance Tampering)"
DEL-10945,DRV-028,"2026-09-02 10:34:00",6741,18.14,1,0,0,1,"Medium Risk (Distance Tampering)"
DEL-10104,DRV-030,"2026-09-02 08:16:00",9024,22.92,1,0,0,1,"Medium Risk (Distance Tampering)"
DEL-10577,DRV-030,"2026-09-02 09:45:00",19305,27.55,1,0,0,1,"Medium Risk (Distance Tampering)"
DEL-10742,DRV-030,"2026-09-02 10:12:00",5572,28.04,1,0,0,1,"Medium Risk (Distance Tampering)"
DEL-10958,DRV-030,"2026-09-02 10:49:00",23846,31.85,1,0,0,1,"Medium Risk (Distance Tampering)"
DEL-10888,DRV-032,"2026-09-02 10:36:00",15694,32.72,1,0,0,1,"Medium Risk (Distance Tampering)"
DEL-10539,DRV-033,"2026-09-02 09:42:00",5591,16.27,1,0,0,1,"Medium Risk (Distance Tampering)"
DEL-10770,DRV-036,"2026-09-02 11:49:00",18511,19.16,1,0,0,1,"Medium Risk (Distance Tampering)"
DEL-10184,DRV-037,"2026-09-02 08:33:00",10195,27.11,1,0,0,1,"Medium Risk (Distance Tampering)"
DEL-10386,DRV-039,"2026-09-02 09:21:00",3182,28.31,1,0,0,1,"Medium Risk (Distance Tampering)"
DEL-10454,DRV-039,"2026-09-02 09:25:00",11130,34.3,1,0,0,1,"Medium Risk (Distance Tampering)"
DEL-10139,DRV-040,"2026-09-02 08:15:00",24751,29.91,1,0,0,1,"Medium Risk (Distance Tampering)"
DEL-10347,DRV-040,"2026-09-02 09:14:00",13376,19.01,1,0,0,1,"Medium Risk (Distance Tampering)"
DEL-10339,DRV-042,"2026-09-02 09:37:00",9863,22.13,1,0,0,1,"Medium Risk (Distance Tampering)"
DEL-10472,DRV-042,"2026-09-02 10:24:00",13594,27.61,1,0,0,1,"Medium Risk (Distance Tampering)"
DEL-10085,DRV-043,"2026-09-02 08:24:00",11483,21.18,1,0,0,1,"Medium Risk (Distance Tampering)"
DEL-10227,DRV-043,"2026-09-02 09:10:00",9263,19.87,1,0,0,1,"Medium Risk (Distance Tampering)"
DEL-10330,DRV-044,"2026-09-02 08:53:00",15361,17.2,1,0,0,1,"Medium Risk (Distance Tampering)"
DEL-10544,DRV-045,"2026-09-02 09:48:00",16766,18.85,1,0,0,1,"Medium Risk (Distance Tampering)"
DEL-10728,DRV-045,"2026-09-02 10:13:00",23776,30.99,1,0,0,1,"Medium Risk (Distance Tampering)"
DEL-10587,DRV-048,"2026-09-02 09:52:00",7689,16.02,1,0,0,1,"Medium Risk (Distance Tampering)"
DEL-10228,DRV-049,"2026-09-02 09:15:00",11635,20.67,1,0,0,1,"Medium Risk (Distance Tampering)"
DEL-10446,DRV-050,"2026-09-02 10:01:00",20016,27.73,1,0,0,1,"Medium Risk (Distance Tampering)"
DEL-10035,DRV-001,"2026-09-02 08:13:00",21179,1.28,0,0,0,0,"Low Risk"
DEL-10159,DRV-001,"2026-09-02 08:26:00",3554,2.87,0,0,0,0,"Low Risk"
DEL-10238,DRV-001,"2026-09-02 08:37:00",14611,2.49,0,0,0,0,"Low Risk"
DEL-10282,DRV-001,"2026-09-02 08:48:00",1122,4.34,0,0,0,0,"Low Risk"
DEL-10376,DRV-001,"2026-09-02 09:02:00",10167,1.73,0,0,0,0,"Low Risk"
DEL-10379,DRV-001,"2026-09-02 09:12:00",8217,4.87,0,0,0,0,"Low Risk"
DEL-10493,DRV-001,"2026-09-02 09:25:00",6893,2.64,0,0,0,0,"Low Risk"
DEL-10511,DRV-001,"2026-09-02 09:38:00",24509,3.54,0,0,0,0,"Low Risk"
DEL-10550,DRV-001,"2026-09-02 09:49:00",15958,4.6,0,0,0,0,"Low Risk"
DEL-10559,DRV-001,"2026-09-02 09:56:00",12829,1.43,0,0,0,0,"Low Risk"
DEL-10673,DRV-001,"2026-09-02 10:01:00",8653,2.25,0,0,0,0,"Low Risk"
DEL-10689,DRV-001,"2026-09-02 10:15:00",4118,1.6,0,0,0,0,"Low Risk"
DEL-10720,DRV-001,"2026-09-02 10:21:00",2091,4.33,0,0,0,0,"Low Risk"
DEL-10766,DRV-001,"2026-09-02 10:28:00",13413,2.19,0,0,0,0,"Low Risk"
DEL-10125,DRV-002,"2026-09-02 08:08:00",7761,2.17,0,0,0,0,"Low Risk"
DEL-10209,DRV-002,"2026-09-02 08:23:00",12238,1.14,0,0,0,0,"Low Risk"
DEL-10213,DRV-002,"2026-09-02 08:26:00",16195,3.7,0,0,0,0,"Low Risk"
DEL-10230,DRV-002,"2026-09-02 08:40:00",17882,2.55,0,0,0,0,"Low Risk"
DEL-10316,DRV-002,"2026-09-02 08:48:00",19252,4.2,0,0,0,0,"Low Risk"
DEL-10327,DRV-002,"2026-09-02 09:03:00",21519,3.54,0,0,0,0,"Low Risk"
DEL-10349,DRV-002,"2026-09-02 09:13:00",22579,3.37,0,0,0,0,"Low Risk"
DEL-10402,DRV-002,"2026-09-02 09:16:00",2704,2.87,0,0,0,0,"Low Risk"
DEL-10475,DRV-002,"2026-09-02 09:31:00",10180,1.47,0,0,0,0,"Low Risk"
DEL-10495,DRV-002,"2026-09-02 09:35:00",7726,2.11,0,0,0,0,"Low Risk"
DEL-10546,DRV-002,"2026-09-02 09:38:00",14568,2.04,0,0,0,0,"Low Risk"
DEL-10589,DRV-002,"2026-09-02 09:51:00",12023,3.27,0,0,0,0,"Low Risk"
DEL-10681,DRV-002,"2026-09-02 10:12:00",4294,2.6,0,0,0,0,"Low Risk"
DEL-10946,DRV-002,"2026-09-02 10:19:00",6046,3.52,0,0,0,0,"Low Risk"
DEL-10962,DRV-002,"2026-09-02 10:29:00",9681,2.38,0,0,0,0,"Low Risk"
DEL-10003,DRV-003,"2026-09-02 08:08:00",7664,3.18,0,0,0,0,"Low Risk"
DEL-10010,DRV-003,"2026-09-02 08:18:00",9982,4.5,0,0,0,0,"Low Risk"
DEL-10307,DRV-003,"2026-09-02 08:57:00",22751,2.48,0,0,0,0,"Low Risk"
DEL-10500,DRV-003,"2026-09-02 09:33:00",11922,4.51,0,0,0,0,"Low Risk"
DEL-10536,DRV-003,"2026-09-02 09:43:00",13540,3.51,0,0,0,0,"Low Risk"
DEL-10675,DRV-003,"2026-09-02 09:55:00",10029,2.7,0,0,0,0,"Low Risk"
DEL-10716,DRV-003,"2026-09-02 10:08:00",16635,1.44,0,0,0,0,"Low Risk"
DEL-10757,DRV-003,"2026-09-02 10:21:00",2278,3.38,0,0,0,0,"Low Risk"
DEL-10786,DRV-003,"2026-09-02 10:32:00",16479,2.13,0,0,0,0,"Low Risk"
DEL-10797,DRV-003,"2026-09-02 10:46:00",19910,3.5,0,0,0,0,"Low Risk"
DEL-10798,DRV-003,"2026-09-02 10:59:00",5312,2.01,0,0,0,0,"Low Risk"
DEL-10822,DRV-003,"2026-09-02 11:05:00",13628,3.86,0,0,0,0,"Low Risk"
DEL-10892,DRV-003,"2026-09-02 11:13:00",24595,2.93,0,0,0,0,"Low Risk"
DEL-10982,DRV-003,"2026-09-02 11:24:00",17412,1.72,0,0,0,0,"Low Risk"
DEL-10020,DRV-004,"2026-09-02 08:15:00",5508,4.15,0,0,0,0,"Low Risk"
DEL-10233,DRV-004,"2026-09-02 08:28:00",9416,2.97,0,0,0,0,"Low Risk"
DEL-10256,DRV-004,"2026-09-02 08:38:00",11753,3.03,0,0,0,0,"Low Risk"
DEL-10407,DRV-004,"2026-09-02 08:49:00",19887,3.54,0,0,0,0,"Low Risk"
DEL-10571,DRV-004,"2026-09-02 09:00:00",9025,4.83,0,0,0,0,"Low Risk"
DEL-10646,DRV-004,"2026-09-02 09:07:00",19251,3.66,0,0,0,0,"Low Risk"
DEL-10736,DRV-004,"2026-09-02 09:33:00",13199,4.84,0,0,0,0,"Low Risk"
DEL-10737,DRV-004,"2026-09-02 09:42:00",8735,4,0,0,0,0,"Low Risk"
DEL-10885,DRV-004,"2026-09-02 09:52:00",1225,2.11,0,0,0,0,"Low Risk"
DEL-10895,DRV-004,"2026-09-02 10:05:00",7636,3.5,0,0,0,0,"Low Risk"
DEL-11000,DRV-004,"2026-09-02 10:17:00",6340,3.58,0,0,0,0,"Low Risk"
DEL-10078,DRV-005,"2026-09-02 08:09:00",11319,3.68,0,0,0,0,"Low Risk"
DEL-10107,DRV-005,"2026-09-02 08:18:00",21856,4.8,0,0,0,0,"Low Risk"
DEL-10115,DRV-005,"2026-09-02 08:32:00",11681,4.34,0,0,0,0,"Low Risk"
DEL-10253,DRV-005,"2026-09-02 08:36:00",3458,2.87,0,0,0,0,"Low Risk"
DEL-10319,DRV-005,"2026-09-02 08:47:00",10888,2.66,0,0,0,0,"Low Risk"
DEL-10427,DRV-005,"2026-09-02 09:05:00",22396,2.64,0,0,0,0,"Low Risk"
DEL-10467,DRV-005,"2026-09-02 09:11:00",13906,1.57,0,0,0,0,"Low Risk"
DEL-10469,DRV-005,"2026-09-02 09:16:00",20093,3.15,0,0,0,0,"Low Risk"
DEL-10533,DRV-005,"2026-09-02 09:18:00",895,1.54,0,0,0,0,"Low Risk"
DEL-10608,DRV-005,"2026-09-02 09:21:00",1594,2.29,0,0,0,0,"Low Risk"
DEL-10756,DRV-005,"2026-09-02 09:32:00",5538,3.88,0,0,0,0,"Low Risk"
DEL-10761,DRV-005,"2026-09-02 09:44:00",16976,4.1,0,0,0,0,"Low Risk"
DEL-10773,DRV-005,"2026-09-02 09:58:00",10913,2.32,0,0,0,0,"Low Risk"
DEL-10791,DRV-005,"2026-09-02 10:01:00",12831,2.4,0,0,0,0,"Low Risk"
DEL-10106,DRV-006,"2026-09-02 08:13:00",18175,1.91,0,0,0,0,"Low Risk"
DEL-10277,DRV-006,"2026-09-02 08:28:00",7775,4.74,0,0,0,0,"Low Risk"
DEL-10301,DRV-006,"2026-09-02 08:47:00",10187,3.46,0,0,0,0,"Low Risk"
DEL-10435,DRV-006,"2026-09-02 08:58:00",21795,2.61,0,0,0,0,"Low Risk"
DEL-10437,DRV-006,"2026-09-02 09:06:00",14718,3.24,0,0,0,0,"Low Risk"
DEL-10527,DRV-006,"2026-09-02 09:14:00",5087,2.38,0,0,0,0,"Low Risk"
DEL-10603,DRV-006,"2026-09-02 09:16:00",22455,2.77,0,0,0,0,"Low Risk"
DEL-10638,DRV-006,"2026-09-02 09:23:00",7426,3.94,0,0,0,0,"Low Risk"
DEL-10690,DRV-006,"2026-09-02 09:30:00",2959,4.62,0,0,0,0,"Low Risk"
DEL-10695,DRV-006,"2026-09-02 09:40:00",11730,2.6,0,0,0,0,"Low Risk"
DEL-10869,DRV-006,"2026-09-02 09:54:00",13274,2.01,0,0,0,0,"Low Risk"
DEL-10915,DRV-006,"2026-09-02 10:11:00",21436,3.24,0,0,0,0,"Low Risk"
DEL-10988,DRV-006,"2026-09-02 10:13:00",23166,3.83,0,0,0,0,"Low Risk"
DEL-10041,DRV-007,"2026-09-02 08:12:00",6732,1.57,0,0,0,0,"Low Risk"
DEL-10059,DRV-007,"2026-09-02 08:17:00",5593,3.44,0,0,0,0,"Low Risk"
DEL-10111,DRV-007,"2026-09-02 08:30:00",10722,2.58,0,0,0,0,"Low Risk"
DEL-10116,DRV-007,"2026-09-02 08:36:00",12368,3.79,0,0,0,0,"Low Risk"
DEL-10175,DRV-007,"2026-09-02 08:42:00",23565,1.68,0,0,0,0,"Low Risk"
DEL-10221,DRV-007,"2026-09-02 08:56:00",12710,3.37,0,0,0,0,"Low Risk"
DEL-10260,DRV-007,"2026-09-02 08:59:00",13166,3.88,0,0,0,0,"Low Risk"
DEL-10438,DRV-007,"2026-09-02 09:05:00",1894,4.61,0,0,0,0,"Low Risk"
DEL-10451,DRV-007,"2026-09-02 09:11:00",10601,4.01,0,0,0,0,"Low Risk"
DEL-10452,DRV-007,"2026-09-02 09:21:00",6640,3.12,0,0,0,0,"Low Risk"
DEL-10473,DRV-007,"2026-09-02 09:31:00",17233,2.7,0,0,0,0,"Low Risk"
DEL-10499,DRV-007,"2026-09-02 09:38:00",21919,4.47,0,0,0,0,"Low Risk"
DEL-10605,DRV-007,"2026-09-02 09:52:00",2077,3.95,0,0,0,0,"Low Risk"
DEL-10607,DRV-007,"2026-09-02 09:54:00",19441,1.67,0,0,0,0,"Low Risk"
DEL-10612,DRV-007,"2026-09-02 10:09:00",6725,3.7,0,0,0,0,"Low Risk"
DEL-10653,DRV-007,"2026-09-02 10:16:00",11519,4.43,0,0,0,0,"Low Risk"
DEL-10685,DRV-007,"2026-09-02 10:31:00",20740,1.49,0,0,0,0,"Low Risk"
DEL-10686,DRV-007,"2026-09-02 10:44:00",20455,4.3,0,0,0,0,"Low Risk"
DEL-10867,DRV-007,"2026-09-02 11:06:00",16005,0.9,0,0,0,0,"Low Risk"
DEL-10918,DRV-007,"2026-09-02 11:08:00",8069,1.71,0,0,0,0,"Low Risk"
DEL-10028,DRV-008,"2026-09-02 08:15:00",10576,1.98,0,0,0,0,"Low Risk"
DEL-10079,DRV-008,"2026-09-02 08:19:00",10340,3.68,0,0,0,0,"Low Risk"
DEL-10091,DRV-008,"2026-09-02 08:24:00",15725,4.76,0,0,0,0,"Low Risk"
DEL-10160,DRV-008,"2026-09-02 08:31:00",5545,3.01,0,0,0,0,"Low Risk"
DEL-10235,DRV-008,"2026-09-02 08:46:00",22732,3.13,0,0,0,0,"Low Risk"
DEL-10375,DRV-008,"2026-09-02 08:53:00",24457,3.85,0,0,0,0,"Low Risk"
DEL-10417,DRV-008,"2026-09-02 09:05:00",16193,2.57,0,0,0,0,"Low Risk"
DEL-10489,DRV-008,"2026-09-02 09:14:00",23222,2.68,0,0,0,0,"Low Risk"
DEL-10497,DRV-008,"2026-09-02 09:23:00",9278,3.2,0,0,0,0,"Low Risk"
DEL-10501,DRV-008,"2026-09-02 09:37:00",8264,4.45,0,0,0,0,"Low Risk"
DEL-10522,DRV-008,"2026-09-02 09:39:00",14338,2.93,0,0,0,0,"Low Risk"
DEL-10616,DRV-008,"2026-09-02 09:51:00",13524,4.52,0,0,0,0,"Low Risk"
DEL-10693,DRV-008,"2026-09-02 09:55:00",2003,3.57,0,0,0,0,"Low Risk"
DEL-10950,DRV-008,"2026-09-02 10:08:00",15939,1.76,0,0,0,0,"Low Risk"
DEL-10989,DRV-008,"2026-09-02 10:20:00",23641,1.47,0,0,0,0,"Low Risk"
DEL-10056,DRV-009,"2026-09-02 08:09:00",2754,2.14,0,0,0,0,"Low Risk"
DEL-10133,DRV-009,"2026-09-02 08:24:00",16585,3.28,0,0,0,0,"Low Risk"
DEL-10190,DRV-009,"2026-09-02 08:34:00",12488,4.33,0,0,0,0,"Low Risk"
DEL-10312,DRV-009,"2026-09-02 08:50:00",15312,5,0,0,0,0,"Low Risk"
DEL-10321,DRV-009,"2026-09-02 09:04:00",2315,2.17,0,0,0,0,"Low Risk"
DEL-10490,DRV-009,"2026-09-02 09:19:00",14362,3.52,0,0,0,0,"Low Risk"
DEL-10492,DRV-009,"2026-09-02 09:27:00",15278,4.4,0,0,0,0,"Low Risk"
DEL-10545,DRV-009,"2026-09-02 09:57:00",9306,4.07,0,0,0,0,"Low Risk"
DEL-10564,DRV-009,"2026-09-02 10:07:00",9052,3.82,0,0,0,0,"Low Risk"
DEL-10678,DRV-009,"2026-09-02 10:24:00",1218,1.4,0,0,0,0,"Low Risk"
DEL-10722,DRV-009,"2026-09-02 10:37:00",22045,3.03,0,0,0,0,"Low Risk"
DEL-10793,DRV-009,"2026-09-02 10:49:00",8036,1.82,0,0,0,0,"Low Risk"
DEL-10886,DRV-009,"2026-09-02 11:06:00",24325,1.37,0,0,0,0,"Low Risk"
DEL-10966,DRV-009,"2026-09-02 11:16:00",5040,4.46,0,0,0,0,"Low Risk"
DEL-10006,DRV-010,"2026-09-02 08:05:00",11529,2.55,0,0,0,0,"Low Risk"
DEL-10065,DRV-010,"2026-09-02 08:16:00",1870,4.58,0,0,0,0,"Low Risk"
DEL-10089,DRV-010,"2026-09-02 08:28:00",681,1.86,0,0,0,0,"Low Risk"
DEL-10162,DRV-010,"2026-09-02 08:35:00",20140,4.46,0,0,0,0,"Low Risk"
DEL-10207,DRV-010,"2026-09-02 08:49:00",20029,4.44,0,0,0,0,"Low Risk"
DEL-10215,DRV-010,"2026-09-02 09:10:00",9511,2.67,0,0,0,0,"Low Risk"
DEL-10229,DRV-010,"2026-09-02 09:13:00",13632,4,0,0,0,0,"Low Risk"
DEL-10247,DRV-010,"2026-09-02 09:17:00",6185,4.1,0,0,0,0,"Low Risk"
DEL-10267,DRV-010,"2026-09-02 09:23:00",3814,3.64,0,0,0,0,"Low Risk"
DEL-10406,DRV-010,"2026-09-02 09:40:00",17580,2.18,0,0,0,0,"Low Risk"
DEL-10411,DRV-010,"2026-09-02 09:47:00",2388,4.84,0,0,0,0,"Low Risk"
DEL-10450,DRV-010,"2026-09-02 09:55:00",21271,2.31,0,0,0,0,"Low Risk"
DEL-10561,DRV-010,"2026-09-02 10:07:00",3548,4.61,0,0,0,0,"Low Risk"
DEL-10630,DRV-010,"2026-09-02 10:17:00",19765,4.71,0,0,0,0,"Low Risk"
DEL-10666,DRV-010,"2026-09-02 10:32:00",7063,4.99,0,0,0,0,"Low Risk"
DEL-10731,DRV-010,"2026-09-02 10:36:00",2354,3.98,0,0,0,0,"Low Risk"
DEL-10898,DRV-010,"2026-09-02 10:47:00",3432,2.98,0,0,0,0,"Low Risk"
DEL-10900,DRV-010,"2026-09-02 10:58:00",4019,1.95,0,0,0,0,"Low Risk"
DEL-10910,DRV-010,"2026-09-02 11:06:00",11070,1.42,0,0,0,0,"Low Risk"
DEL-10970,DRV-010,"2026-09-02 11:10:00",10942,2.23,0,0,0,0,"Low Risk"
DEL-10992,DRV-010,"2026-09-02 11:21:00",23832,2.27,0,0,0,0,"Low Risk"
DEL-10998,DRV-010,"2026-09-02 11:24:00",11936,4.39,0,0,0,0,"Low Risk"
DEL-10013,DRV-011,"2026-09-02 08:15:00",8521,2.51,0,0,0,0,"Low Risk"
DEL-10024,DRV-011,"2026-09-02 08:29:00",24161,4.89,0,0,0,0,"Low Risk"
DEL-10110,DRV-011,"2026-09-02 08:49:00",24039,4.88,0,0,0,0,"Low Risk"
DEL-10145,DRV-011,"2026-09-02 09:17:00",19998,2.74,0,0,0,0,"Low Risk"
DEL-10322,DRV-011,"2026-09-02 09:24:00",23743,4.77,0,0,0,0,"Low Risk"
DEL-10325,DRV-011,"2026-09-02 09:37:00",19526,3.59,0,0,0,0,"Low Risk"
DEL-10336,DRV-011,"2026-09-02 09:39:00",17366,4.49,0,0,0,0,"Low Risk"
DEL-10456,DRV-011,"2026-09-02 09:45:00",6054,2.21,0,0,0,0,"Low Risk"
DEL-10606,DRV-011,"2026-09-02 10:05:00",16657,3.2,0,0,0,0,"Low Risk"
DEL-10694,DRV-011,"2026-09-02 10:17:00",14843,4.56,0,0,0,0,"Low Risk"
DEL-10753,DRV-011,"2026-09-02 10:47:00",18128,3.49,0,0,0,0,"Low Risk"
DEL-10880,DRV-011,"2026-09-02 11:02:00",21667,1.85,0,0,0,0,"Low Risk"
DEL-10042,DRV-012,"2026-09-02 08:06:00",8685,4.29,0,0,0,0,"Low Risk"
DEL-10178,DRV-012,"2026-09-02 08:10:00",3087,3.55,0,0,0,0,"Low Risk"
DEL-10257,DRV-012,"2026-09-02 08:13:00",23687,2.87,0,0,0,0,"Low Risk"
DEL-10371,DRV-012,"2026-09-02 08:20:00",6260,4.14,0,0,0,0,"Low Risk"
DEL-10372,DRV-012,"2026-09-02 08:34:00",9985,2.18,0,0,0,0,"Low Risk"
DEL-10551,DRV-012,"2026-09-02 08:50:00",1658,1.87,0,0,0,0,"Low Risk"
DEL-10588,DRV-012,"2026-09-02 08:58:00",19915,4.6,0,0,0,0,"Low Risk"
DEL-10593,DRV-012,"2026-09-02 09:07:00",11103,1.57,0,0,0,0,"Low Risk"
DEL-10692,DRV-012,"2026-09-02 09:17:00",10021,2.73,0,0,0,0,"Low Risk"
DEL-10740,DRV-012,"2026-09-02 09:19:00",4410,2.74,0,0,0,0,"Low Risk"
DEL-10794,DRV-012,"2026-09-02 09:42:00",20227,3.76,0,0,0,0,"Low Risk"
DEL-10799,DRV-012,"2026-09-02 09:52:00",13785,4.53,0,0,0,0,"Low Risk"
DEL-10838,DRV-012,"2026-09-02 09:56:00",12084,1.69,0,0,0,0,"Low Risk"
DEL-10854,DRV-012,"2026-09-02 10:01:00",4906,4.11,0,0,0,0,"Low Risk"
DEL-10865,DRV-012,"2026-09-02 10:08:00",4597,3.66,0,0,0,0,"Low Risk"
DEL-10883,DRV-012,"2026-09-02 10:17:00",4116,3.33,0,0,0,0,"Low Risk"
DEL-10904,DRV-012,"2026-09-02 10:30:00",11106,2.12,0,0,0,0,"Low Risk"
DEL-10123,DRV-013,"2026-09-02 08:25:00",24095,3.04,0,0,0,0,"Low Risk"
DEL-10131,DRV-013,"2026-09-02 08:31:00",12325,1.06,0,0,0,0,"Low Risk"
DEL-10187,DRV-013,"2026-09-02 08:45:00",22708,3.52,0,0,0,0,"Low Risk"
DEL-10246,DRV-013,"2026-09-02 08:52:00",11948,1.92,0,0,0,0,"Low Risk"
DEL-10294,DRV-013,"2026-09-02 09:10:00",10841,4.94,0,0,0,0,"Low Risk"
DEL-10359,DRV-013,"2026-09-02 09:25:00",9642,1.88,0,0,0,0,"Low Risk"
DEL-10369,DRV-013,"2026-09-02 09:28:00",9912,3.58,0,0,0,0,"Low Risk"
DEL-10414,DRV-013,"2026-09-02 09:43:00",12859,4.55,0,0,0,0,"Low Risk"
DEL-10415,DRV-013,"2026-09-02 09:53:00",19753,2.95,0,0,0,0,"Low Risk"
DEL-10423,DRV-013,"2026-09-02 10:05:00",12946,3.03,0,0,0,0,"Low Risk"
DEL-10556,DRV-013,"2026-09-02 10:09:00",10458,2.91,0,0,0,0,"Low Risk"
DEL-10566,DRV-013,"2026-09-02 10:14:00",19659,1.39,0,0,0,0,"Low Risk"
DEL-10641,DRV-013,"2026-09-02 10:29:00",8675,1.18,0,0,0,0,"Low Risk"
DEL-10665,DRV-013,"2026-09-02 10:38:00",22805,2.66,0,0,0,0,"Low Risk"
DEL-10672,DRV-013,"2026-09-02 10:46:00",961,1.08,0,0,0,0,"Low Risk"
DEL-10687,DRV-013,"2026-09-02 10:59:00",13926,1.15,0,0,0,0,"Low Risk"
DEL-10718,DRV-013,"2026-09-02 11:14:00",4031,4.72,0,0,0,0,"Low Risk"
DEL-10912,DRV-013,"2026-09-02 11:35:00",6778,3.3,0,0,0,0,"Low Risk"
DEL-10942,DRV-013,"2026-09-02 11:37:00",21872,3.21,0,0,0,0,"Low Risk"
DEL-10972,DRV-013,"2026-09-02 11:49:00",6553,3.3,0,0,0,0,"Low Risk"
DEL-10976,DRV-013,"2026-09-02 12:04:00",13888,4.72,0,0,0,0,"Low Risk"
DEL-10012,DRV-014,"2026-09-02 08:11:00",23497,3.42,0,0,0,0,"Low Risk"
DEL-10016,DRV-014,"2026-09-02 08:26:00",19085,1.85,0,0,0,0,"Low Risk"
DEL-10053,DRV-014,"2026-09-02 08:29:00",10795,2.55,0,0,0,0,"Low Risk"
DEL-10084,DRV-014,"2026-09-02 08:36:00",24615,2.15,0,0,0,0,"Low Risk"
DEL-10266,DRV-014,"2026-09-02 08:45:00",16434,4.94,0,0,0,0,"Low Risk"
DEL-10338,DRV-014,"2026-09-02 08:50:00",2094,2.98,0,0,0,0,"Low Risk"
DEL-10503,DRV-014,"2026-09-02 09:00:00",19180,3.37,0,0,0,0,"Low Risk"
DEL-10754,DRV-014,"2026-09-02 09:39:00",7485,4.37,0,0,0,0,"Low Risk"
DEL-10755,DRV-014,"2026-09-02 09:45:00",23527,3.57,0,0,0,0,"Low Risk"
DEL-10925,DRV-014,"2026-09-02 09:47:00",18530,2.46,0,0,0,0,"Low Risk"
DEL-10034,DRV-015,"2026-09-02 08:11:00",1189,3.15,0,0,0,0,"Low Risk"
DEL-10086,DRV-015,"2026-09-02 08:25:00",5328,1.96,0,0,0,0,"Low Risk"
DEL-10142,DRV-015,"2026-09-02 08:31:00",9764,1.24,0,0,0,0,"Low Risk"
DEL-10143,DRV-015,"2026-09-02 08:43:00",20981,2.7,0,0,0,0,"Low Risk"
DEL-10212,DRV-015,"2026-09-02 08:48:00",1920,2.85,0,0,0,0,"Low Risk"
DEL-10218,DRV-015,"2026-09-02 08:55:00",15360,3.95,0,0,0,0,"Low Risk"
DEL-10400,DRV-015,"2026-09-02 09:00:00",11842,1.75,0,0,0,0,"Low Risk"
DEL-10404,DRV-015,"2026-09-02 09:05:00",2349,1.95,0,0,0,0,"Low Risk"
DEL-10521,DRV-015,"2026-09-02 09:11:00",15083,3.77,0,0,0,0,"Low Risk"
DEL-10523,DRV-015,"2026-09-02 09:17:00",24445,2.29,0,0,0,0,"Low Risk"
DEL-10586,DRV-015,"2026-09-02 09:27:00",3781,2.05,0,0,0,0,"Low Risk"
DEL-10662,DRV-015,"2026-09-02 09:34:00",24886,4.13,0,0,0,0,"Low Risk"
DEL-10782,DRV-015,"2026-09-02 09:48:00",19820,1.56,0,0,0,0,"Low Risk"
DEL-10787,DRV-015,"2026-09-02 09:57:00",7275,2.76,0,0,0,0,"Low Risk"
DEL-10914,DRV-015,"2026-09-02 10:09:00",2822,3.6,0,0,0,0,"Low Risk"
DEL-10928,DRV-015,"2026-09-02 10:12:00",10818,4.72,0,0,0,0,"Low Risk"
DEL-10977,DRV-015,"2026-09-02 10:18:00",7146,1.72,0,0,0,0,"Low Risk"
DEL-10018,DRV-016,"2026-09-02 08:04:00",18161,4.62,0,0,0,0,"Low Risk"
DEL-10051,DRV-016,"2026-09-02 08:08:00",19167,3.46,0,0,0,0,"Low Risk"
DEL-10068,DRV-016,"2026-09-02 08:14:00",6301,1.72,0,0,0,0,"Low Risk"
DEL-10119,DRV-016,"2026-09-02 08:17:00",3339,1.97,0,0,0,0,"Low Risk"
DEL-10124,DRV-016,"2026-09-02 08:19:00",21664,2.76,0,0,0,0,"Low Risk"
DEL-10137,DRV-016,"2026-09-02 08:30:00",14137,4,0,0,0,0,"Low Risk"
DEL-10174,DRV-016,"2026-09-02 08:40:00",9916,2.77,0,0,0,0,"Low Risk"
DEL-10179,DRV-016,"2026-09-02 08:50:00",19608,2.87,0,0,0,0,"Low Risk"
DEL-10306,DRV-016,"2026-09-02 08:53:00",12503,4.81,0,0,0,0,"Low Risk"
DEL-10418,DRV-016,"2026-09-02 08:58:00",9775,3.13,0,0,0,0,"Low Risk"
DEL-10464,DRV-016,"2026-09-02 09:08:00",9684,1.39,0,0,0,0,"Low Risk"
DEL-10529,DRV-016,"2026-09-02 09:25:00",20161,4.08,0,0,0,0,"Low Risk"
DEL-10532,DRV-016,"2026-09-02 09:32:00",4194,3.56,0,0,0,0,"Low Risk"
DEL-10552,DRV-016,"2026-09-02 09:38:00",24102,4.26,0,0,0,0,"Low Risk"
DEL-10623,DRV-016,"2026-09-02 09:42:00",3087,2.99,0,0,0,0,"Low Risk"
DEL-10840,DRV-016,"2026-09-02 09:55:00",7275,4.32,0,0,0,0,"Low Risk"
DEL-10849,DRV-016,"2026-09-02 10:09:00",20589,1.8,0,0,0,0,"Low Risk"
DEL-10897,DRV-016,"2026-09-02 10:15:00",1876,3.42,0,0,0,0,"Low Risk"
DEL-10979,DRV-016,"2026-09-02 10:26:00",1870,3.84,0,0,0,0,"Low Risk"
DEL-10046,DRV-017,"2026-09-02 08:05:00",15409,3.76,0,0,0,0,"Low Risk"
DEL-10061,DRV-017,"2026-09-02 08:09:00",2164,4.34,0,0,0,0,"Low Risk"
DEL-10128,DRV-017,"2026-09-02 08:18:00",24135,1.49,0,0,0,0,"Low Risk"
DEL-10180,DRV-017,"2026-09-02 08:36:00",22351,4.62,0,0,0,0,"Low Risk"
DEL-10191,DRV-017,"2026-09-02 08:46:00",16289,4.19,0,0,0,0,"Low Risk"
DEL-10619,DRV-017,"2026-09-02 09:12:00",9300,1.7,0,0,0,0,"Low Risk"
DEL-10632,DRV-017,"2026-09-02 09:24:00",16411,1.21,0,0,0,0,"Low Risk"
DEL-10645,DRV-017,"2026-09-02 09:26:00",23072,1.12,0,0,0,0,"Low Risk"
DEL-10657,DRV-017,"2026-09-02 09:37:00",13757,3.35,0,0,0,0,"Low Risk"
DEL-10771,DRV-017,"2026-09-02 09:42:00",24276,4.88,0,0,0,0,"Low Risk"
DEL-10810,DRV-017,"2026-09-02 09:50:00",8118,3.38,0,0,0,0,"Low Risk"
DEL-10814,DRV-017,"2026-09-02 09:58:00",18067,3.52,0,0,0,0,"Low Risk"
DEL-10831,DRV-017,"2026-09-02 10:02:00",17088,3,0,0,0,0,"Low Risk"
DEL-10837,DRV-017,"2026-09-02 10:15:00",3547,1.22,0,0,0,0,"Low Risk"
DEL-10876,DRV-017,"2026-09-02 10:26:00",845,2.27,0,0,0,0,"Low Risk"
DEL-10005,DRV-018,"2026-09-02 08:11:00",712,2.38,0,0,0,0,"Low Risk"
DEL-10101,DRV-018,"2026-09-02 08:38:00",1451,3.66,0,0,0,0,"Low Risk"
DEL-10163,DRV-018,"2026-09-02 09:04:00",14096,4.27,0,0,0,0,"Low Risk"
DEL-10226,DRV-018,"2026-09-02 09:13:00",14561,3.44,0,0,0,0,"Low Risk"
DEL-10510,DRV-018,"2026-09-02 09:31:00",12593,2.32,0,0,0,0,"Low Risk"
DEL-10579,DRV-018,"2026-09-02 09:37:00",5370,3.64,0,0,0,0,"Low Risk"
DEL-10633,DRV-018,"2026-09-02 09:44:00",20758,1.15,0,0,0,0,"Low Risk"
DEL-10669,DRV-018,"2026-09-02 09:59:00",6024,3.01,0,0,0,0,"Low Risk"
DEL-10684,DRV-018,"2026-09-02 10:04:00",23461,4.29,0,0,0,0,"Low Risk"
DEL-10830,DRV-018,"2026-09-02 10:17:00",6874,3.21,0,0,0,0,"Low Risk"
DEL-10851,DRV-018,"2026-09-02 10:31:00",19223,4.29,0,0,0,0,"Low Risk"
DEL-10884,DRV-018,"2026-09-02 10:43:00",16621,1.05,0,0,0,0,"Low Risk"
DEL-10048,DRV-019,"2026-09-02 08:14:00",2416,4.09,0,0,0,0,"Low Risk"
DEL-10153,DRV-019,"2026-09-02 08:24:00",13622,2.8,0,0,0,0,"Low Risk"
DEL-10164,DRV-019,"2026-09-02 08:41:00",19732,4.46,0,0,0,0,"Low Risk"
DEL-10284,DRV-019,"2026-09-02 08:55:00",4492,2.72,0,0,0,0,"Low Risk"
DEL-10342,DRV-019,"2026-09-02 09:04:00",17023,4.17,0,0,0,0,"Low Risk"
DEL-10751,DRV-019,"2026-09-02 09:37:00",17436,2.72,0,0,0,0,"Low Risk"
DEL-10752,DRV-019,"2026-09-02 09:51:00",6808,4.81,0,0,0,0,"Low Risk"
DEL-10861,DRV-019,"2026-09-02 10:04:00",5246,2.65,0,0,0,0,"Low Risk"
DEL-10870,DRV-019,"2026-09-02 10:13:00",4642,1.06,0,0,0,0,"Low Risk"
DEL-10939,DRV-019,"2026-09-02 10:16:00",5350,1.32,0,0,0,0,"Low Risk"
DEL-10984,DRV-019,"2026-09-02 10:25:00",2287,2.85,0,0,0,0,"Low Risk"
DEL-10082,DRV-020,"2026-09-02 08:06:00",513,1.83,0,0,0,0,"Low Risk"
DEL-10176,DRV-020,"2026-09-02 08:18:00",2007,2.15,0,0,0,0,"Low Risk"
DEL-10182,DRV-020,"2026-09-02 08:30:00",14403,2.82,0,0,0,0,"Low Risk"
DEL-10183,DRV-020,"2026-09-02 08:43:00",13105,1.88,0,0,0,0,"Low Risk"
DEL-10236,DRV-020,"2026-09-02 08:57:00",13451,1.08,0,0,0,0,"Low Risk"
DEL-10237,DRV-020,"2026-09-02 09:06:00",4996,2.32,0,0,0,0,"Low Risk"
DEL-10251,DRV-020,"2026-09-02 09:15:00",19879,3.04,0,0,0,0,"Low Risk"
DEL-10252,DRV-020,"2026-09-02 09:20:00",1732,4.3,0,0,0,0,"Low Risk"
DEL-10360,DRV-020,"2026-09-02 09:25:00",23598,2.24,0,0,0,0,"Low Risk"
DEL-10380,DRV-020,"2026-09-02 09:29:00",19272,3.65,0,0,0,0,"Low Risk"
DEL-10468,DRV-020,"2026-09-02 09:44:00",22083,4.11,0,0,0,0,"Low Risk"
DEL-10524,DRV-020,"2026-09-02 09:55:00",4862,1.39,0,0,0,0,"Low Risk"
DEL-10613,DRV-020,"2026-09-02 10:01:00",2126,1.63,0,0,0,0,"Low Risk"
DEL-10762,DRV-020,"2026-09-02 10:08:00",9724,2.56,0,0,0,0,"Low Risk"
DEL-10855,DRV-020,"2026-09-02 10:16:00",19106,1.39,0,0,0,0,"Low Risk"
DEL-10931,DRV-020,"2026-09-02 10:20:00",13600,4,0,0,0,0,"Low Risk"
DEL-10967,DRV-020,"2026-09-02 10:33:00",17664,4.97,0,0,0,0,"Low Risk"
DEL-10080,DRV-021,"2026-09-02 08:12:00",10188,1.73,0,0,0,0,"Low Risk"
DEL-10096,DRV-021,"2026-09-02 08:19:00",3140,1.95,0,0,0,0,"Low Risk"
DEL-10105,DRV-021,"2026-09-02 08:33:00",12923,2.02,0,0,0,0,"Low Risk"
DEL-10121,DRV-021,"2026-09-02 08:48:00",7450,2.47,0,0,0,0,"Low Risk"
DEL-10154,DRV-021,"2026-09-02 08:55:00",4298,3.62,0,0,0,0,"Low Risk"
DEL-10166,DRV-021,"2026-09-02 09:04:00",23355,1.94,0,0,0,0,"Low Risk"
DEL-10219,DRV-021,"2026-09-02 09:13:00",22294,4.83,0,0,0,0,"Low Risk"
DEL-10409,DRV-021,"2026-09-02 09:18:00",13877,2.53,0,0,0,0,"Low Risk"
DEL-10441,DRV-021,"2026-09-02 09:27:00",7288,3.85,0,0,0,0,"Low Risk"
DEL-10570,DRV-021,"2026-09-02 09:30:00",23803,2.62,0,0,0,0,"Low Risk"
DEL-10596,DRV-021,"2026-09-02 09:37:00",5661,4.18,0,0,0,0,"Low Risk"
DEL-10750,DRV-021,"2026-09-02 09:46:00",4215,3.15,0,0,0,0,"Low Risk"
DEL-10813,DRV-021,"2026-09-02 09:55:00",3992,3.65,0,0,0,0,"Low Risk"
DEL-10863,DRV-021,"2026-09-02 10:10:00",10047,3.42,0,0,0,0,"Low Risk"
DEL-10896,DRV-021,"2026-09-02 10:14:00",9547,2.33,0,0,0,0,"Low Risk"
DEL-10923,DRV-021,"2026-09-02 10:20:00",11138,4.02,0,0,0,0,"Low Risk"
DEL-10944,DRV-021,"2026-09-02 10:34:00",19374,3.71,0,0,0,0,"Low Risk"
DEL-10987,DRV-021,"2026-09-02 10:41:00",6361,4.49,0,0,0,0,"Low Risk"
DEL-10069,DRV-022,"2026-09-02 08:11:00",13991,2.08,0,0,0,0,"Low Risk"
DEL-10205,DRV-022,"2026-09-02 08:22:00",4626,1.24,0,0,0,0,"Low Risk"
DEL-10231,DRV-022,"2026-09-02 08:26:00",10711,4.01,0,0,0,0,"Low Risk"
DEL-10259,DRV-022,"2026-09-02 08:36:00",2215,1.29,0,0,0,0,"Low Risk"
DEL-10264,DRV-022,"2026-09-02 08:39:00",22458,3.59,0,0,0,0,"Low Risk"
DEL-10344,DRV-022,"2026-09-02 08:47:00",12480,3.45,0,0,0,0,"Low Risk"
DEL-10416,DRV-022,"2026-09-02 09:02:00",1002,4.88,0,0,0,0,"Low Risk"
DEL-10461,DRV-022,"2026-09-02 09:15:00",14610,2.24,0,0,0,0,"Low Risk"
DEL-10514,DRV-022,"2026-09-02 09:32:00",4779,4.12,0,0,0,0,"Low Risk"
DEL-10634,DRV-022,"2026-09-02 09:39:00",2115,4.67,0,0,0,0,"Low Risk"
DEL-10663,DRV-022,"2026-09-02 09:49:00",19687,4.47,0,0,0,0,"Low Risk"
DEL-10724,DRV-022,"2026-09-02 10:01:00",15338,2.67,0,0,0,0,"Low Risk"
DEL-10832,DRV-022,"2026-09-02 10:04:00",17319,3.79,0,0,0,0,"Low Risk"
DEL-10857,DRV-022,"2026-09-02 10:18:00",12306,2.36,0,0,0,0,"Low Risk"
DEL-10039,DRV-023,"2026-09-02 08:16:00",15803,3.65,0,0,0,0,"Low Risk"
DEL-10067,DRV-023,"2026-09-02 08:25:00",13816,4.68,0,0,0,0,"Low Risk"
DEL-10075,DRV-023,"2026-09-02 08:33:00",10778,2.56,0,0,0,0,"Low Risk"
DEL-10100,DRV-023,"2026-09-02 08:44:00",13279,3,0,0,0,0,"Low Risk"
DEL-10287,DRV-023,"2026-09-02 08:52:00",14150,3.05,0,0,0,0,"Low Risk"
DEL-10303,DRV-023,"2026-09-02 09:08:00",14752,1.26,0,0,0,0,"Low Risk"
DEL-10361,DRV-023,"2026-09-02 09:13:00",24147,1.46,0,0,0,0,"Low Risk"
DEL-10419,DRV-023,"2026-09-02 09:23:00",12284,2.92,0,0,0,0,"Low Risk"
DEL-10715,DRV-023,"2026-09-02 09:36:00",10067,3.82,0,0,0,0,"Low Risk"
DEL-10772,DRV-023,"2026-09-02 09:44:00",21978,2.03,0,0,0,0,"Low Risk"
DEL-10792,DRV-023,"2026-09-02 09:47:00",16297,3.02,0,0,0,0,"Low Risk"
DEL-10930,DRV-023,"2026-09-02 09:54:00",9183,2.02,0,0,0,0,"Low Risk"
DEL-10177,DRV-024,"2026-09-02 08:05:00",8501,3.27,0,0,0,0,"Low Risk"
DEL-10195,DRV-024,"2026-09-02 08:20:00",8161,3.59,0,0,0,0,"Low Risk"
DEL-10243,DRV-024,"2026-09-02 08:33:00",3968,3.37,0,0,0,0,"Low Risk"
DEL-10270,DRV-024,"2026-09-02 08:44:00",8283,4.04,0,0,0,0,"Low Risk"
DEL-10288,DRV-024,"2026-09-02 08:52:00",17737,2.62,0,0,0,0,"Low Risk"
DEL-10297,DRV-024,"2026-09-02 09:06:00",13607,4.62,0,0,0,0,"Low Risk"
DEL-10341,DRV-024,"2026-09-02 09:14:00",2176,2.69,0,0,0,0,"Low Risk"
DEL-10387,DRV-024,"2026-09-02 09:25:00",18986,4.44,0,0,0,0,"Low Risk"
DEL-10518,DRV-024,"2026-09-02 09:39:00",12684,1.22,0,0,0,0,"Low Risk"
DEL-10614,DRV-024,"2026-09-02 09:56:00",3371,1.87,0,0,0,0,"Low Risk"
DEL-10635,DRV-024,"2026-09-02 10:09:00",10430,4.35,0,0,0,0,"Low Risk"
DEL-10642,DRV-024,"2026-09-02 10:18:00",9477,2.99,0,0,0,0,"Low Risk"
DEL-10714,DRV-024,"2026-09-02 10:30:00",4236,1.03,0,0,0,0,"Low Risk"
DEL-10808,DRV-024,"2026-09-02 10:42:00",23360,1.93,0,0,0,0,"Low Risk"
DEL-10843,DRV-024,"2026-09-02 10:58:00",16633,2.97,0,0,0,0,"Low Risk"
DEL-10975,DRV-024,"2026-09-02 11:11:00",13196,1.56,0,0,0,0,"Low Risk"
DEL-10138,DRV-025,"2026-09-02 08:26:00",15007,2.2,0,0,0,0,"Low Risk"
DEL-10298,DRV-025,"2026-09-02 08:38:00",6621,2.42,0,0,0,0,"Low Risk"
DEL-10310,DRV-025,"2026-09-02 08:49:00",4358,3.81,0,0,0,0,"Low Risk"
DEL-10396,DRV-025,"2026-09-02 09:00:00",12869,3.78,0,0,0,0,"Low Risk"
DEL-10436,DRV-025,"2026-09-02 09:09:00",2338,3.83,0,0,0,0,"Low Risk"
DEL-10455,DRV-025,"2026-09-02 09:26:00",24251,3.29,0,0,0,0,"Low Risk"
DEL-10578,DRV-025,"2026-09-02 09:44:00",6162,4.65,0,0,0,0,"Low Risk"
DEL-10581,DRV-025,"2026-09-02 09:53:00",7035,3.6,0,0,0,0,"Low Risk"
DEL-10618,DRV-025,"2026-09-02 09:57:00",15107,2.74,0,0,0,0,"Low Risk"
DEL-10723,DRV-025,"2026-09-02 10:11:00",20455,2.12,0,0,0,0,"Low Risk"
DEL-10804,DRV-025,"2026-09-02 10:14:00",1042,4.27,0,0,0,0,"Low Risk"
DEL-10833,DRV-025,"2026-09-02 10:25:00",8471,3.76,0,0,0,0,"Low Risk"
DEL-10902,DRV-025,"2026-09-02 10:28:00",4914,2.94,0,0,0,0,"Low Risk"
DEL-10913,DRV-025,"2026-09-02 10:40:00",17730,1.19,0,0,0,0,"Low Risk"
DEL-10991,DRV-025,"2026-09-02 10:55:00",6099,1.64,0,0,0,0,"Low Risk"
DEL-10019,DRV-026,"2026-09-02 08:11:00",5032,1.4,0,0,0,0,"Low Risk"
DEL-10072,DRV-026,"2026-09-02 08:40:00",2774,3.59,0,0,0,0,"Low Risk"
DEL-10102,DRV-026,"2026-09-02 08:55:00",15815,4.61,0,0,0,0,"Low Risk"
DEL-10242,DRV-026,"2026-09-02 09:04:00",11142,4.29,0,0,0,0,"Low Risk"
DEL-10345,DRV-026,"2026-09-02 09:16:00",1984,3.81,0,0,0,0,"Low Risk"
DEL-10392,DRV-026,"2026-09-02 09:30:00",598,3.26,0,0,0,0,"Low Risk"
DEL-10434,DRV-026,"2026-09-02 09:33:00",8469,2.16,0,0,0,0,"Low Risk"
DEL-10474,DRV-026,"2026-09-02 09:53:00",22767,2.35,0,0,0,0,"Low Risk"
DEL-10481,DRV-026,"2026-09-02 09:57:00",6607,2.54,0,0,0,0,"Low Risk"
DEL-10574,DRV-026,"2026-09-02 10:08:00",21153,3.35,0,0,0,0,"Low Risk"
DEL-10746,DRV-026,"2026-09-02 10:34:00",7748,2.18,0,0,0,0,"Low Risk"
DEL-10759,DRV-026,"2026-09-02 10:48:00",1053,3.14,0,0,0,0,"Low Risk"
DEL-10817,DRV-026,"2026-09-02 11:04:00",22103,2.8,0,0,0,0,"Low Risk"
DEL-10846,DRV-026,"2026-09-02 11:08:00",6227,3.8,0,0,0,0,"Low Risk"
DEL-10864,DRV-026,"2026-09-02 11:20:00",15078,2.6,0,0,0,0,"Low Risk"
DEL-10868,DRV-026,"2026-09-02 11:24:00",3227,3.47,0,0,0,0,"Low Risk"
DEL-10963,DRV-026,"2026-09-02 11:33:00",3376,3.12,0,0,0,0,"Low Risk"
DEL-10980,DRV-026,"2026-09-02 11:43:00",24829,3.09,0,0,0,0,"Low Risk"
DEL-10052,DRV-027,"2026-09-02 08:06:00",19021,4.74,0,0,0,0,"Low Risk"
DEL-10331,DRV-027,"2026-09-02 08:25:00",7185,2.25,0,0,0,0,"Low Risk"
DEL-10367,DRV-027,"2026-09-02 08:36:00",15979,0.96,0,0,0,0,"Low Risk"
DEL-10506,DRV-027,"2026-09-02 08:45:00",9587,3.79,0,0,0,0,"Low Risk"
DEL-10795,DRV-027,"2026-09-02 09:07:00",24101,3.72,0,0,0,0,"Low Risk"
DEL-10836,DRV-027,"2026-09-02 09:14:00",17424,3.81,0,0,0,0,"Low Risk"
DEL-10858,DRV-027,"2026-09-02 09:20:00",22768,3.33,0,0,0,0,"Low Risk"
DEL-10916,DRV-027,"2026-09-02 09:31:00",23713,3.13,0,0,0,0,"Low Risk"
DEL-10021,DRV-028,"2026-09-02 08:14:00",13108,3.08,0,0,0,0,"Low Risk"
DEL-10117,DRV-028,"2026-09-02 08:26:00",17596,3.45,0,0,0,0,"Low Risk"
DEL-10265,DRV-028,"2026-09-02 08:32:00",1097,1.69,0,0,0,0,"Low Risk"
DEL-10302,DRV-028,"2026-09-02 08:40:00",15045,1.2,0,0,0,0,"Low Risk"
DEL-10340,DRV-028,"2026-09-02 08:53:00",9166,3.95,0,0,0,0,"Low Risk"
DEL-10408,DRV-028,"2026-09-02 09:00:00",2036,4.15,0,0,0,0,"Low Risk"
DEL-10528,DRV-028,"2026-09-02 09:14:00",5081,3.58,0,0,0,0,"Low Risk"
DEL-10541,DRV-028,"2026-09-02 09:16:00",8319,1.34,0,0,0,0,"Low Risk"
DEL-10542,DRV-028,"2026-09-02 09:27:00",20563,2.19,0,0,0,0,"Low Risk"
DEL-10611,DRV-028,"2026-09-02 09:37:00",5906,1.64,0,0,0,0,"Low Risk"
DEL-10775,DRV-028,"2026-09-02 10:00:00",10763,3.81,0,0,0,0,"Low Risk"
DEL-10821,DRV-028,"2026-09-02 10:04:00",9120,1.5,0,0,0,0,"Low Risk"
DEL-10850,DRV-028,"2026-09-02 10:19:00",23460,4.4,0,0,0,0,"Low Risk"
DEL-10924,DRV-028,"2026-09-02 10:25:00",11098,3.23,0,0,0,0,"Low Risk"
DEL-10935,DRV-028,"2026-09-02 10:27:00",4449,3.59,0,0,0,0,"Low Risk"
DEL-10063,DRV-029,"2026-09-02 08:12:00",14514,1.48,0,0,0,0,"Low Risk"
DEL-10092,DRV-029,"2026-09-02 08:14:00",24069,4.35,0,0,0,0,"Low Risk"
DEL-10165,DRV-029,"2026-09-02 08:27:00",11809,2.85,0,0,0,0,"Low Risk"
DEL-10170,DRV-029,"2026-09-02 08:37:00",15472,2.77,0,0,0,0,"Low Risk"
DEL-10202,DRV-029,"2026-09-02 08:52:00",12384,3.2,0,0,0,0,"Low Risk"
DEL-10234,DRV-029,"2026-09-02 08:59:00",7563,2.37,0,0,0,0,"Low Risk"
DEL-10271,DRV-029,"2026-09-02 09:02:00",8337,4.59,0,0,0,0,"Low Risk"
DEL-10334,DRV-029,"2026-09-02 09:17:00",3672,4.73,0,0,0,0,"Low Risk"
DEL-10354,DRV-029,"2026-09-02 09:23:00",5462,2.59,0,0,0,0,"Low Risk"
DEL-10478,DRV-029,"2026-09-02 09:38:00",10339,1.13,0,0,0,0,"Low Risk"
DEL-10567,DRV-029,"2026-09-02 09:40:00",13820,4.87,0,0,0,0,"Low Risk"
DEL-10572,DRV-029,"2026-09-02 09:45:00",18526,2.85,0,0,0,0,"Low Risk"
DEL-10637,DRV-029,"2026-09-02 09:53:00",11014,3.44,0,0,0,0,"Low Risk"
DEL-10734,DRV-029,"2026-09-02 10:06:00",22635,4.07,0,0,0,0,"Low Risk"
DEL-10903,DRV-029,"2026-09-02 10:17:00",18284,1.72,0,0,0,0,"Low Risk"
DEL-10906,DRV-029,"2026-09-02 10:25:00",9129,2.87,0,0,0,0,"Low Risk"
DEL-10926,DRV-029,"2026-09-02 10:37:00",13511,4.95,0,0,0,0,"Low Risk"
DEL-10947,DRV-029,"2026-09-02 10:44:00",8150,1.62,0,0,0,0,"Low Risk"
DEL-10978,DRV-029,"2026-09-02 10:57:00",16554,4.46,0,0,0,0,"Low Risk"
DEL-10981,DRV-029,"2026-09-02 11:05:00",1889,4.96,0,0,0,0,"Low Risk"
DEL-10983,DRV-029,"2026-09-02 11:13:00",10479,1.64,0,0,0,0,"Low Risk"
DEL-10071,DRV-030,"2026-09-02 08:08:00",7957,3.66,0,0,0,0,"Low Risk"
DEL-10120,DRV-030,"2026-09-02 08:26:00",22395,1.1,0,0,0,0,"Low Risk"
DEL-10192,DRV-030,"2026-09-02 08:43:00",5112,4.87,0,0,0,0,"Low Risk"
DEL-10197,DRV-030,"2026-09-02 08:56:00",10402,1.48,0,0,0,0,"Low Risk"
DEL-10391,DRV-030,"2026-09-02 09:15:00",18810,3.93,0,0,0,0,"Low Risk"
DEL-10429,DRV-030,"2026-09-02 09:23:00",20745,3.58,0,0,0,0,"Low Risk"
DEL-10466,DRV-030,"2026-09-02 09:38:00",7369,4.33,0,0,0,0,"Low Risk"
DEL-10667,DRV-030,"2026-09-02 10:00:00",23951,2.96,0,0,0,0,"Low Risk"
DEL-10696,DRV-030,"2026-09-02 10:08:00",13139,4.22,0,0,0,0,"Low Risk"
DEL-10777,DRV-030,"2026-09-02 10:18:00",10509,1.69,0,0,0,0,"Low Risk"
DEL-10788,DRV-030,"2026-09-02 10:33:00",1807,1.41,0,0,0,0,"Low Risk"
DEL-10847,DRV-030,"2026-09-02 10:45:00",775,2.57,0,0,0,0,"Low Risk"
DEL-10038,DRV-031,"2026-09-02 08:04:00",6739,3.61,0,0,0,0,"Low Risk"
DEL-10087,DRV-031,"2026-09-02 08:06:00",2886,4.52,0,0,0,0,"Low Risk"
DEL-10130,DRV-031,"2026-09-02 08:09:00",19819,4.96,0,0,0,0,"Low Risk"
DEL-10134,DRV-031,"2026-09-02 08:21:00",11664,1.98,0,0,0,0,"Low Risk"
DEL-10135,DRV-031,"2026-09-02 08:23:00",2641,1.26,0,0,0,0,"Low Risk"
DEL-10211,DRV-031,"2026-09-02 08:27:00",12363,2.84,0,0,0,0,"Low Risk"
DEL-10225,DRV-031,"2026-09-02 08:40:00",4046,1.52,0,0,0,0,"Low Risk"
DEL-10281,DRV-031,"2026-09-02 08:49:00",5047,2.81,0,0,0,0,"Low Risk"
DEL-10289,DRV-031,"2026-09-02 09:01:00",13177,3.83,0,0,0,0,"Low Risk"
DEL-10346,DRV-031,"2026-09-02 09:09:00",5380,2.3,0,0,0,0,"Low Risk"
DEL-10458,DRV-031,"2026-09-02 09:16:00",12333,3.91,0,0,0,0,"Low Risk"
DEL-10664,DRV-031,"2026-09-02 09:32:00",21287,2.97,0,0,0,0,"Low Risk"
DEL-10721,DRV-031,"2026-09-02 09:54:00",6306,3.93,0,0,0,0,"Low Risk"
DEL-10796,DRV-031,"2026-09-02 10:09:00",5783,1,0,0,0,0,"Low Risk"
DEL-10801,DRV-031,"2026-09-02 10:18:00",6089,3.38,0,0,0,0,"Low Risk"
DEL-10809,DRV-031,"2026-09-02 10:32:00",12992,2.69,0,0,0,0,"Low Risk"
DEL-10875,DRV-031,"2026-09-02 10:45:00",3434,2.49,0,0,0,0,"Low Risk"
DEL-10877,DRV-031,"2026-09-02 10:56:00",23036,2.24,0,0,0,0,"Low Risk"
DEL-10890,DRV-031,"2026-09-02 11:04:00",8694,1.57,0,0,0,0,"Low Risk"
DEL-10037,DRV-032,"2026-09-02 08:15:00",4835,1.97,0,0,0,0,"Low Risk"
DEL-10147,DRV-032,"2026-09-02 08:24:00",20096,3.97,0,0,0,0,"Low Risk"
DEL-10151,DRV-032,"2026-09-02 08:34:00",15901,2.32,0,0,0,0,"Low Risk"
DEL-10156,DRV-032,"2026-09-02 08:42:00",2191,3.18,0,0,0,0,"Low Risk"
DEL-10214,DRV-032,"2026-09-02 08:52:00",15034,2.27,0,0,0,0,"Low Risk"
DEL-10337,DRV-032,"2026-09-02 09:07:00",13385,4.86,0,0,0,0,"Low Risk"
DEL-10457,DRV-032,"2026-09-02 09:16:00",5979,2.65,0,0,0,0,"Low Risk"
DEL-10459,DRV-032,"2026-09-02 09:24:00",6907,1.55,0,0,0,0,"Low Risk"
DEL-10583,DRV-032,"2026-09-02 09:40:00",19035,2.52,0,0,0,0,"Low Risk"
DEL-10597,DRV-032,"2026-09-02 09:48:00",6208,1.88,0,0,0,0,"Low Risk"
DEL-10688,DRV-032,"2026-09-02 09:59:00",23051,1.91,0,0,0,0,"Low Risk"
DEL-10707,DRV-032,"2026-09-02 10:12:00",11342,2.96,0,0,0,0,"Low Risk"
DEL-10710,DRV-032,"2026-09-02 10:21:00",1082,2.64,0,0,0,0,"Low Risk"
DEL-10957,DRV-032,"2026-09-02 10:49:00",17918,1.77,0,0,0,0,"Low Risk"
DEL-10995,DRV-032,"2026-09-02 10:54:00",18309,1.97,0,0,0,0,"Low Risk"
DEL-10026,DRV-033,"2026-09-02 08:13:00",5508,3.18,0,0,0,0,"Low Risk"
DEL-10050,DRV-033,"2026-09-02 08:23:00",6589,3.57,0,0,0,0,"Low Risk"
DEL-10315,DRV-033,"2026-09-02 08:29:00",7085,4.18,0,0,0,0,"Low Risk"
DEL-10333,DRV-033,"2026-09-02 08:37:00",10956,1.46,0,0,0,0,"Low Risk"
DEL-10348,DRV-033,"2026-09-02 08:47:00",17943,2.93,0,0,0,0,"Low Risk"
DEL-10388,DRV-033,"2026-09-02 08:58:00",18085,2.27,0,0,0,0,"Low Risk"
DEL-10390,DRV-033,"2026-09-02 09:05:00",2323,3.07,0,0,0,0,"Low Risk"
DEL-10453,DRV-033,"2026-09-02 09:07:00",1360,3.2,0,0,0,0,"Low Risk"
DEL-10531,DRV-033,"2026-09-02 09:20:00",13336,4.15,0,0,0,0,"Low Risk"
DEL-10537,DRV-033,"2026-09-02 09:29:00",14379,1.35,0,0,0,0,"Low Risk"
DEL-10563,DRV-033,"2026-09-02 09:49:00",13422,2.82,0,0,0,0,"Low Risk"
DEL-10640,DRV-033,"2026-09-02 09:52:00",17679,1.73,0,0,0,0,"Low Risk"
DEL-10783,DRV-033,"2026-09-02 10:03:00",13501,3.64,0,0,0,0,"Low Risk"
DEL-10922,DRV-033,"2026-09-02 10:25:00",5683,4.72,0,0,0,0,"Low Risk"
DEL-10929,DRV-033,"2026-09-02 10:28:00",19230,1.12,0,0,0,0,"Low Risk"
DEL-10941,DRV-033,"2026-09-02 10:32:00",23367,2.92,0,0,0,0,"Low Risk"
DEL-10961,DRV-033,"2026-09-02 10:45:00",2531,4.49,0,0,0,0,"Low Risk"
DEL-10244,DRV-034,"2026-09-02 08:13:00",10667,2.01,0,0,0,0,"Low Risk"
DEL-10299,DRV-034,"2026-09-02 08:23:00",3207,1.32,0,0,0,0,"Low Risk"
DEL-10323,DRV-034,"2026-09-02 08:38:00",3084,3.56,0,0,0,0,"Low Risk"
DEL-10356,DRV-034,"2026-09-02 08:52:00",11151,3.04,0,0,0,0,"Low Risk"
DEL-10389,DRV-034,"2026-09-02 09:06:00",22791,1.38,0,0,0,0,"Low Risk"
DEL-10477,DRV-034,"2026-09-02 09:12:00",16102,3.93,0,0,0,0,"Low Risk"
DEL-10554,DRV-034,"2026-09-02 09:21:00",13637,4.48,0,0,0,0,"Low Risk"
DEL-10560,DRV-034,"2026-09-02 09:31:00",14256,4.88,0,0,0,0,"Low Risk"
DEL-10622,DRV-034,"2026-09-02 09:44:00",18047,3.24,0,0,0,0,"Low Risk"
DEL-10624,DRV-034,"2026-09-02 09:55:00",22701,1.48,0,0,0,0,"Low Risk"
DEL-10629,DRV-034,"2026-09-02 09:58:00",905,1.44,0,0,0,0,"Low Risk"
DEL-10789,DRV-034,"2026-09-02 10:03:00",9461,3.3,0,0,0,0,"Low Risk"
DEL-10828,DRV-034,"2026-09-02 10:12:00",23556,3.1,0,0,0,0,"Low Risk"
DEL-10911,DRV-034,"2026-09-02 10:24:00",1934,4.51,0,0,0,0,"Low Risk"
DEL-10919,DRV-034,"2026-09-02 10:37:00",19178,3.26,0,0,0,0,"Low Risk"
DEL-10008,DRV-035,"2026-09-02 08:12:00",12903,4.45,0,0,0,0,"Low Risk"
DEL-10077,DRV-035,"2026-09-02 08:27:00",24812,2.49,0,0,0,0,"Low Risk"
DEL-10098,DRV-035,"2026-09-02 08:39:00",2540,2.54,0,0,0,0,"Low Risk"
DEL-10118,DRV-035,"2026-09-02 08:49:00",15732,2.29,0,0,0,0,"Low Risk"
DEL-10132,DRV-035,"2026-09-02 09:14:00",1991,3.81,0,0,0,0,"Low Risk"
DEL-10144,DRV-035,"2026-09-02 09:20:00",5382,1.33,0,0,0,0,"Low Risk"
DEL-10199,DRV-035,"2026-09-02 09:33:00",15364,3.35,0,0,0,0,"Low Risk"
DEL-10295,DRV-035,"2026-09-02 09:40:00",1699,2.1,0,0,0,0,"Low Risk"
DEL-10374,DRV-035,"2026-09-02 09:50:00",4897,2.1,0,0,0,0,"Low Risk"
DEL-10398,DRV-035,"2026-09-02 10:04:00",4672,4.37,0,0,0,0,"Low Risk"
DEL-10484,DRV-035,"2026-09-02 10:06:00",11181,1.54,0,0,0,0,"Low Risk"
DEL-10496,DRV-035,"2026-09-02 10:15:00",15485,3.24,0,0,0,0,"Low Risk"
DEL-10538,DRV-035,"2026-09-02 10:24:00",5503,2.23,0,0,0,0,"Low Risk"
DEL-10582,DRV-035,"2026-09-02 10:34:00",13033,2.92,0,0,0,0,"Low Risk"
DEL-10730,DRV-035,"2026-09-02 10:43:00",14340,1.09,0,0,0,0,"Low Risk"
DEL-10806,DRV-035,"2026-09-02 11:07:00",4350,3.6,0,0,0,0,"Low Risk"
DEL-10811,DRV-035,"2026-09-02 11:14:00",6693,3.31,0,0,0,0,"Low Risk"
DEL-10951,DRV-035,"2026-09-02 11:29:00",18405,3.18,0,0,0,0,"Low Risk"
DEL-10022,DRV-036,"2026-09-02 08:06:00",876,3.75,0,0,0,0,"Low Risk"
DEL-10043,DRV-036,"2026-09-02 08:07:00",21869,1.84,0,0,0,0,"Low Risk"
DEL-10058,DRV-036,"2026-09-02 08:08:00",22237,1.98,0,0,0,0,"Low Risk"
DEL-10093,DRV-036,"2026-09-02 08:18:00",5715,2.85,0,0,0,0,"Low Risk"
DEL-10193,DRV-036,"2026-09-02 08:31:00",13429,3.14,0,0,0,0,"Low Risk"
DEL-10196,DRV-036,"2026-09-02 08:42:00",20491,3.6,0,0,0,0,"Low Risk"
DEL-10222,DRV-036,"2026-09-02 08:55:00",22454,2.4,0,0,0,0,"Low Risk"
DEL-10254,DRV-036,"2026-09-02 09:01:00",24712,4.65,0,0,0,0,"Low Risk"
DEL-10275,DRV-036,"2026-09-02 09:14:00",23811,2.13,0,0,0,0,"Low Risk"
DEL-10283,DRV-036,"2026-09-02 09:28:00",20451,1.43,0,0,0,0,"Low Risk"
DEL-10314,DRV-036,"2026-09-02 09:39:00",10328,4.16,0,0,0,0,"Low Risk"
DEL-10317,DRV-036,"2026-09-02 09:45:00",3325,2.59,0,0,0,0,"Low Risk"
DEL-10368,DRV-036,"2026-09-02 09:59:00",5675,2.91,0,0,0,0,"Low Risk"
DEL-10412,DRV-036,"2026-09-02 10:08:00",13227,1.81,0,0,0,0,"Low Risk"
DEL-10422,DRV-036,"2026-09-02 10:19:00",19477,2.19,0,0,0,0,"Low Risk"
DEL-10610,DRV-036,"2026-09-02 10:34:00",3550,3.81,0,0,0,0,"Low Risk"
DEL-10705,DRV-036,"2026-09-02 10:48:00",20583,3.57,0,0,0,0,"Low Risk"
DEL-10708,DRV-036,"2026-09-02 10:54:00",13714,2.8,0,0,0,0,"Low Risk"
DEL-10711,DRV-036,"2026-09-02 11:08:00",3478,4.55,0,0,0,0,"Low Risk"
DEL-10712,DRV-036,"2026-09-02 11:21:00",22502,2.43,0,0,0,0,"Low Risk"
DEL-10726,DRV-036,"2026-09-02 11:32:00",7082,3.76,0,0,0,0,"Low Risk"
DEL-10735,DRV-036,"2026-09-02 11:34:00",17241,3.81,0,0,0,0,"Low Risk"
DEL-10741,DRV-036,"2026-09-02 11:40:00",5773,1,0,0,0,0,"Low Risk"
DEL-10816,DRV-036,"2026-09-02 11:52:00",8815,4.07,0,0,0,0,"Low Risk"
DEL-10819,DRV-036,"2026-09-02 11:56:00",22931,1.66,0,0,0,0,"Low Risk"
DEL-10879,DRV-036,"2026-09-02 12:06:00",13991,2.59,0,0,0,0,"Low Risk"
DEL-10894,DRV-036,"2026-09-02 12:09:00",8800,1.83,0,0,0,0,"Low Risk"
DEL-10901,DRV-036,"2026-09-02 12:24:00",11880,1.06,0,0,0,0,"Low Risk"
DEL-10029,DRV-037,"2026-09-02 08:06:00",3306,4.27,0,0,0,0,"Low Risk"
DEL-10076,DRV-037,"2026-09-02 08:12:00",1954,1.08,0,0,0,0,"Low Risk"
DEL-10088,DRV-037,"2026-09-02 08:16:00",23318,2.56,0,0,0,0,"Low Risk"
DEL-10114,DRV-037,"2026-09-02 08:27:00",11877,3.65,0,0,0,0,"Low Risk"
DEL-10232,DRV-037,"2026-09-02 08:39:00",2223,4.06,0,0,0,0,"Low Risk"
DEL-10241,DRV-037,"2026-09-02 08:54:00",13752,2.18,0,0,0,0,"Low Risk"
DEL-10255,DRV-037,"2026-09-02 09:00:00",11035,2.99,0,0,0,0,"Low Risk"
DEL-10286,DRV-037,"2026-09-02 09:02:00",5204,1.07,0,0,0,0,"Low Risk"
DEL-10443,DRV-037,"2026-09-02 09:15:00",13251,2.55,0,0,0,0,"Low Risk"
DEL-10525,DRV-037,"2026-09-02 09:29:00",21799,2.59,0,0,0,0,"Low Risk"
DEL-10547,DRV-037,"2026-09-02 09:44:00",16757,1.24,0,0,0,0,"Low Risk"
DEL-10548,DRV-037,"2026-09-02 09:57:00",5654,4.56,0,0,0,0,"Low Risk"
DEL-10553,DRV-037,"2026-09-02 10:01:00",16950,1.73,0,0,0,0,"Low Risk"
DEL-10631,DRV-037,"2026-09-02 10:13:00",9874,4.49,0,0,0,0,"Low Risk"
DEL-10658,DRV-037,"2026-09-02 10:22:00",11744,3.76,0,0,0,0,"Low Risk"
DEL-10709,DRV-037,"2026-09-02 10:29:00",16833,1.47,0,0,0,0,"Low Risk"
DEL-10744,DRV-037,"2026-09-02 10:43:00",2888,3.14,0,0,0,0,"Low Risk"
DEL-10758,DRV-037,"2026-09-02 10:47:00",8975,2.83,0,0,0,0,"Low Risk"
DEL-10785,DRV-037,"2026-09-02 10:53:00",22107,4.78,0,0,0,0,"Low Risk"
DEL-10790,DRV-037,"2026-09-02 11:07:00",21919,3.26,0,0,0,0,"Low Risk"
DEL-10934,DRV-037,"2026-09-02 11:20:00",2332,4.48,0,0,0,0,"Low Risk"
DEL-10937,DRV-037,"2026-09-02 11:25:00",16962,1.56,0,0,0,0,"Low Risk"
DEL-10940,DRV-037,"2026-09-02 11:34:00",18461,1.32,0,0,0,0,"Low Risk"
DEL-10083,DRV-038,"2026-09-02 08:14:00",11059,2.79,0,0,0,0,"Low Risk"
DEL-10103,DRV-038,"2026-09-02 08:24:00",1388,1.54,0,0,0,0,"Low Risk"
DEL-10126,DRV-038,"2026-09-02 08:39:00",18636,2.75,0,0,0,0,"Low Risk"
DEL-10352,DRV-038,"2026-09-02 08:41:00",17678,1.58,0,0,0,0,"Low Risk"
DEL-10488,DRV-038,"2026-09-02 08:48:00",4889,1.92,0,0,0,0,"Low Risk"
DEL-10598,DRV-038,"2026-09-02 08:55:00",12898,1.52,0,0,0,0,"Low Risk"
DEL-10729,DRV-038,"2026-09-02 09:06:00",22361,3.72,0,0,0,0,"Low Risk"
DEL-10780,DRV-038,"2026-09-02 09:21:00",19834,3.22,0,0,0,0,"Low Risk"
DEL-10802,DRV-038,"2026-09-02 09:25:00",6459,1.69,0,0,0,0,"Low Risk"
DEL-10834,DRV-038,"2026-09-02 09:40:00",16293,1.27,0,0,0,0,"Low Risk"
DEL-10986,DRV-038,"2026-09-02 09:49:00",23310,2.55,0,0,0,0,"Low Risk"
DEL-10996,DRV-038,"2026-09-02 10:03:00",15368,1.33,0,0,0,0,"Low Risk"
DEL-10122,DRV-039,"2026-09-02 08:08:00",9552,3.07,0,0,0,0,"Low Risk"
DEL-10148,DRV-039,"2026-09-02 08:22:00",3492,5.03,0,0,0,0,"Low Risk"
DEL-10216,DRV-039,"2026-09-02 08:30:00",15367,1.35,0,0,0,0,"Low Risk"
DEL-10224,DRV-039,"2026-09-02 08:35:00",3894,1.59,0,0,0,0,"Low Risk"
DEL-10274,DRV-039,"2026-09-02 08:47:00",8692,4.41,0,0,0,0,"Low Risk"
DEL-10300,DRV-039,"2026-09-02 08:56:00",6413,2.26,0,0,0,0,"Low Risk"
DEL-10373,DRV-039,"2026-09-02 09:09:00",11478,4.93,0,0,0,0,"Low Risk"
DEL-10462,DRV-039,"2026-09-02 09:30:00",7081,1.74,0,0,0,0,"Low Risk"
DEL-10644,DRV-039,"2026-09-02 09:41:00",16051,2.43,0,0,0,0,"Low Risk"
DEL-10743,DRV-039,"2026-09-02 09:54:00",20992,3.05,0,0,0,0,"Low Risk"
DEL-10778,DRV-039,"2026-09-02 10:09:00",9695,1.95,0,0,0,0,"Low Risk"
DEL-10805,DRV-039,"2026-09-02 10:16:00",16093,4.59,0,0,0,0,"Low Risk"
DEL-10807,DRV-039,"2026-09-02 10:18:00",539,3.11,0,0,0,0,"Low Risk"
DEL-10825,DRV-039,"2026-09-02 10:36:00",23386,3.74,0,0,0,0,"Low Risk"
DEL-10927,DRV-039,"2026-09-02 11:05:00",4926,2.29,0,0,0,0,"Low Risk"
DEL-10009,DRV-040,"2026-09-02 08:02:00",12350,3.82,0,0,0,0,"Low Risk"
DEL-10055,DRV-040,"2026-09-02 08:06:00",3776,3,0,0,0,0,"Low Risk"
DEL-10201,DRV-040,"2026-09-02 08:23:00",9666,1.83,0,0,0,0,"Low Risk"
DEL-10258,DRV-040,"2026-09-02 08:32:00",12717,2.74,0,0,0,0,"Low Risk"
DEL-10285,DRV-040,"2026-09-02 08:38:00",4132,3.51,0,0,0,0,"Low Risk"
DEL-10335,DRV-040,"2026-09-02 08:47:00",5733,1.79,0,0,0,0,"Low Risk"
DEL-10343,DRV-040,"2026-09-02 09:00:00",4393,2.58,0,0,0,0,"Low Risk"
DEL-10433,DRV-040,"2026-09-02 09:24:00",12114,1.27,0,0,0,0,"Low Risk"
DEL-10449,DRV-040,"2026-09-02 09:29:00",8575,1.36,0,0,0,0,"Low Risk"
DEL-10486,DRV-040,"2026-09-02 09:37:00",4243,4.37,0,0,0,0,"Low Risk"
DEL-10502,DRV-040,"2026-09-02 10:02:00",5938,4.15,0,0,0,0,"Low Risk"
DEL-10601,DRV-040,"2026-09-02 10:10:00",19031,1.54,0,0,0,0,"Low Risk"
DEL-10680,DRV-040,"2026-09-02 10:19:00",2071,3.65,0,0,0,0,"Low Risk"
DEL-10717,DRV-040,"2026-09-02 10:25:00",4456,2.75,0,0,0,0,"Low Risk"
DEL-10784,DRV-040,"2026-09-02 10:29:00",17347,1.64,0,0,0,0,"Low Risk"
DEL-10841,DRV-040,"2026-09-02 10:39:00",3995,3.74,0,0,0,0,"Low Risk"
DEL-10862,DRV-040,"2026-09-02 10:54:00",2837,2.36,0,0,0,0,"Low Risk"
DEL-10908,DRV-040,"2026-09-02 11:02:00",20822,3.88,0,0,0,0,"Low Risk"
DEL-10949,DRV-040,"2026-09-02 11:04:00",9926,3.76,0,0,0,0,"Low Risk"
DEL-10952,DRV-040,"2026-09-02 11:10:00",5131,2.49,0,0,0,0,"Low Risk"
DEL-10014,DRV-041,"2026-09-02 08:17:00",7696,4.4,0,0,0,0,"Low Risk"
DEL-10136,DRV-041,"2026-09-02 08:29:00",5471,1.35,0,0,0,0,"Low Risk"
DEL-10158,DRV-041,"2026-09-02 08:36:00",8341,2.23,0,0,0,0,"Low Risk"
DEL-10173,DRV-041,"2026-09-02 08:46:00",16489,3.48,0,0,0,0,"Low Risk"
DEL-10188,DRV-041,"2026-09-02 08:58:00",10623,3.31,0,0,0,0,"Low Risk"
DEL-10250,DRV-041,"2026-09-02 09:00:00",14910,2.71,0,0,0,0,"Low Risk"
DEL-10304,DRV-041,"2026-09-02 09:03:00",17312,4.82,0,0,0,0,"Low Risk"
DEL-10329,DRV-041,"2026-09-02 09:13:00",21534,2.02,0,0,0,0,"Low Risk"
DEL-10377,DRV-041,"2026-09-02 09:25:00",14514,1.33,0,0,0,0,"Low Risk"
DEL-10428,DRV-041,"2026-09-02 09:32:00",23672,1.85,0,0,0,0,"Low Risk"
DEL-10519,DRV-041,"2026-09-02 09:47:00",23419,3.68,0,0,0,0,"Low Risk"
DEL-10540,DRV-041,"2026-09-02 09:55:00",21793,2.26,0,0,0,0,"Low Risk"
DEL-10627,DRV-041,"2026-09-02 10:06:00",19998,4.72,0,0,0,0,"Low Risk"
DEL-10643,DRV-041,"2026-09-02 10:18:00",22820,2.48,0,0,0,0,"Low Risk"
DEL-10659,DRV-041,"2026-09-02 10:33:00",22515,4.4,0,0,0,0,"Low Risk"
DEL-10668,DRV-041,"2026-09-02 10:39:00",10769,1.01,0,0,0,0,"Low Risk"
DEL-10683,DRV-041,"2026-09-02 10:46:00",14291,3.39,0,0,0,0,"Low Risk"
DEL-10779,DRV-041,"2026-09-02 10:58:00",2970,4.08,0,0,0,0,"Low Risk"
DEL-10820,DRV-041,"2026-09-02 11:12:00",3484,4.55,0,0,0,0,"Low Risk"
DEL-10874,DRV-041,"2026-09-02 11:21:00",14753,4.64,0,0,0,0,"Low Risk"
DEL-10936,DRV-041,"2026-09-02 11:33:00",10487,2.3,0,0,0,0,"Low Risk"
DEL-10040,DRV-042,"2026-09-02 08:11:00",13693,4.18,0,0,0,0,"Low Risk"
DEL-10150,DRV-042,"2026-09-02 08:19:00",9614,3.51,0,0,0,0,"Low Risk"
DEL-10171,DRV-042,"2026-09-02 08:28:00",2951,2.37,0,0,0,0,"Low Risk"
DEL-10203,DRV-042,"2026-09-02 08:42:00",13546,4.87,0,0,0,0,"Low Risk"
DEL-10248,DRV-042,"2026-09-02 08:54:00",21076,4.12,0,0,0,0,"Low Risk"
DEL-10280,DRV-042,"2026-09-02 09:07:00",5285,2.17,0,0,0,0,"Low Risk"
DEL-10292,DRV-042,"2026-09-02 09:12:00",22935,3.46,0,0,0,0,"Low Risk"
DEL-10309,DRV-042,"2026-09-02 09:25:00",4217,3.02,0,0,0,0,"Low Risk"
DEL-10351,DRV-042,"2026-09-02 09:48:00",19455,3.9,0,0,0,0,"Low Risk"
DEL-10425,DRV-042,"2026-09-02 10:17:00",15600,1.66,0,0,0,0,"Low Risk"
DEL-10576,DRV-042,"2026-09-02 10:36:00",4720,1.48,0,0,0,0,"Low Risk"
DEL-10691,DRV-042,"2026-09-02 10:49:00",10200,1.11,0,0,0,0,"Low Risk"
DEL-10702,DRV-042,"2026-09-02 11:00:00",23587,4.88,0,0,0,0,"Low Risk"
DEL-10749,DRV-042,"2026-09-02 11:10:00",20853,3.71,0,0,0,0,"Low Risk"
DEL-10760,DRV-042,"2026-09-02 11:12:00",2572,3.81,0,0,0,0,"Low Risk"
DEL-10768,DRV-042,"2026-09-02 11:24:00",5167,1.86,0,0,0,0,"Low Risk"
DEL-10776,DRV-042,"2026-09-02 11:26:00",12279,4.52,0,0,0,0,"Low Risk"
DEL-10859,DRV-042,"2026-09-02 11:41:00",6219,2.33,0,0,0,0,"Low Risk"
DEL-10956,DRV-042,"2026-09-02 11:44:00",12974,4.56,0,0,0,0,"Low Risk"
DEL-10985,DRV-042,"2026-09-02 11:46:00",24179,1.67,0,0,0,0,"Low Risk"
DEL-10033,DRV-043,"2026-09-02 08:08:00",14855,1.5,0,0,0,0,"Low Risk"
DEL-10081,DRV-043,"2026-09-02 08:21:00",22694,3.44,0,0,0,0,"Low Risk"
DEL-10109,DRV-043,"2026-09-02 08:36:00",7642,4.1,0,0,0,0,"Low Risk"
DEL-10152,DRV-043,"2026-09-02 08:45:00",5769,3.68,0,0,0,0,"Low Risk"
DEL-10185,DRV-043,"2026-09-02 08:52:00",765,4.69,0,0,0,0,"Low Risk"
DEL-10261,DRV-043,"2026-09-02 09:16:00",20249,1.35,0,0,0,0,"Low Risk"
DEL-10262,DRV-043,"2026-09-02 09:22:00",11962,1.63,0,0,0,0,"Low Risk"
DEL-10485,DRV-043,"2026-09-02 09:42:00",17792,3.39,0,0,0,0,"Low Risk"
DEL-10652,DRV-043,"2026-09-02 09:45:00",12762,2.17,0,0,0,0,"Low Risk"
DEL-10660,DRV-043,"2026-09-02 09:47:00",6435,2.89,0,0,0,0,"Low Risk"
DEL-10703,DRV-043,"2026-09-02 09:58:00",17509,2.73,0,0,0,0,"Low Risk"
DEL-10763,DRV-043,"2026-09-02 10:10:00",5622,1.26,0,0,0,0,"Low Risk"
DEL-10774,DRV-043,"2026-09-02 10:25:00",19642,4.26,0,0,0,0,"Low Risk"
DEL-10842,DRV-043,"2026-09-02 10:30:00",717,4.44,0,0,0,0,"Low Risk"
DEL-10871,DRV-043,"2026-09-02 10:41:00",11156,4.88,0,0,0,0,"Low Risk"
DEL-10909,DRV-043,"2026-09-02 10:53:00",13197,4.08,0,0,0,0,"Low Risk"
DEL-10953,DRV-043,"2026-09-02 10:56:00",8870,2.18,0,0,0,0,"Low Risk"
DEL-10999,DRV-043,"2026-09-02 11:12:00",20268,4.67,0,0,0,0,"Low Risk"
DEL-10149,DRV-044,"2026-09-02 08:03:00",19382,2.89,0,0,0,0,"Low Risk"
DEL-10181,DRV-044,"2026-09-02 08:18:00",2920,4.92,0,0,0,0,"Low Risk"
DEL-10220,DRV-044,"2026-09-02 08:29:00",2699,1.35,0,0,0,0,"Low Risk"
DEL-10313,DRV-044,"2026-09-02 08:33:00",10972,3.82,0,0,0,0,"Low Risk"
DEL-10320,DRV-044,"2026-09-02 08:41:00",4705,4.06,0,0,0,0,"Low Risk"
DEL-10358,DRV-044,"2026-09-02 09:19:00",24123,3.45,0,0,0,0,"Low Risk"
DEL-10362,DRV-044,"2026-09-02 09:30:00",13428,2.12,0,0,0,0,"Low Risk"
DEL-10403,DRV-044,"2026-09-02 09:44:00",2095,2.58,0,0,0,0,"Low Risk"
DEL-10440,DRV-044,"2026-09-02 09:48:00",18294,1.72,0,0,0,0,"Low Risk"
DEL-10515,DRV-044,"2026-09-02 10:04:00",2005,1.03,0,0,0,0,"Low Risk"
DEL-10549,DRV-044,"2026-09-02 10:08:00",7984,1.15,0,0,0,0,"Low Risk"
DEL-10569,DRV-044,"2026-09-02 10:14:00",23591,1.92,0,0,0,0,"Low Risk"
DEL-10656,DRV-044,"2026-09-02 10:41:00",1334,4.92,0,0,0,0,"Low Risk"
DEL-10727,DRV-044,"2026-09-02 11:05:00",23778,3.12,0,0,0,0,"Low Risk"
DEL-10815,DRV-044,"2026-09-02 11:25:00",7174,1.75,0,0,0,0,"Low Risk"
DEL-10893,DRV-044,"2026-09-02 11:33:00",11086,4,0,0,0,0,"Low Risk"
DEL-10899,DRV-044,"2026-09-02 11:46:00",20984,2.43,0,0,0,0,"Low Risk"
DEL-10938,DRV-044,"2026-09-02 11:58:00",13373,1.88,0,0,0,0,"Low Risk"
DEL-10964,DRV-044,"2026-09-02 12:26:00",20997,2.69,0,0,0,0,"Low Risk"
DEL-10064,DRV-045,"2026-09-02 08:07:00",18377,3.36,0,0,0,0,"Low Risk"
DEL-10070,DRV-045,"2026-09-02 08:13:00",1768,1.64,0,0,0,0,"Low Risk"
DEL-10090,DRV-045,"2026-09-02 08:17:00",2145,4.7,0,0,0,0,"Low Risk"
DEL-10097,DRV-045,"2026-09-02 08:31:00",7510,2.56,0,0,0,0,"Low Risk"
DEL-10172,DRV-045,"2026-09-02 08:34:00",3131,4.8,0,0,0,0,"Low Risk"
DEL-10217,DRV-045,"2026-09-02 08:40:00",21953,2.84,0,0,0,0,"Low Risk"
DEL-10269,DRV-045,"2026-09-02 08:54:00",5924,1.15,0,0,0,0,"Low Risk"
DEL-10365,DRV-045,"2026-09-02 08:56:00",4079,1.95,0,0,0,0,"Low Risk"
DEL-10381,DRV-045,"2026-09-02 09:04:00",22382,2.19,0,0,0,0,"Low Risk"
DEL-10470,DRV-045,"2026-09-02 09:19:00",1704,1.45,0,0,0,0,"Low Risk"
DEL-10491,DRV-045,"2026-09-02 09:21:00",6176,2.98,0,0,0,0,"Low Risk"
DEL-10512,DRV-045,"2026-09-02 09:27:00",2575,1.92,0,0,0,0,"Low Risk"
DEL-10636,DRV-045,"2026-09-02 10:01:00",7969,4.93,0,0,0,0,"Low Risk"
DEL-10725,DRV-045,"2026-09-02 10:04:00",17286,3.87,0,0,0,0,"Low Risk"
DEL-10733,DRV-045,"2026-09-02 10:18:00",7184,2.45,0,0,0,0,"Low Risk"
DEL-10818,DRV-045,"2026-09-02 10:29:00",3785,4.15,0,0,0,0,"Low Risk"
DEL-10873,DRV-045,"2026-09-02 10:37:00",19860,3.56,0,0,0,0,"Low Risk"
DEL-10921,DRV-045,"2026-09-02 10:41:00",3911,3.23,0,0,0,0,"Low Risk"
DEL-10933,DRV-045,"2026-09-02 10:53:00",3624,1.11,0,0,0,0,"Low Risk"
DEL-10954,DRV-045,"2026-09-02 11:02:00",2239,1.26,0,0,0,0,"Low Risk"
DEL-10974,DRV-045,"2026-09-02 11:05:00",4893,3.86,0,0,0,0,"Low Risk"
DEL-10060,DRV-046,"2026-09-02 08:14:00",23027,3.06,0,0,0,0,"Low Risk"
DEL-10112,DRV-046,"2026-09-02 08:28:00",19901,1.47,0,0,0,0,"Low Risk"
DEL-10239,DRV-046,"2026-09-02 08:36:00",18808,1.3,0,0,0,0,"Low Risk"
DEL-10318,DRV-046,"2026-09-02 08:52:00",17725,4.3,0,0,0,0,"Low Risk"
DEL-10332,DRV-046,"2026-09-02 09:04:00",11817,4.1,0,0,0,0,"Low Risk"
DEL-10442,DRV-046,"2026-09-02 09:07:00",3021,3.25,0,0,0,0,"Low Risk"
DEL-10483,DRV-046,"2026-09-02 09:16:00",9620,3.35,0,0,0,0,"Low Risk"
DEL-10520,DRV-046,"2026-09-02 09:29:00",7493,1.42,0,0,0,0,"Low Risk"
DEL-10594,DRV-046,"2026-09-02 09:35:00",4134,4.83,0,0,0,0,"Low Risk"
DEL-10679,DRV-046,"2026-09-02 09:38:00",1724,4.12,0,0,0,0,"Low Risk"
DEL-10990,DRV-046,"2026-09-02 09:40:00",17266,2.53,0,0,0,0,"Low Risk"
DEL-10047,DRV-047,"2026-09-02 08:03:00",18711,1.61,0,0,0,0,"Low Risk"
DEL-10200,DRV-047,"2026-09-02 08:17:00",14094,4.31,0,0,0,0,"Low Risk"
DEL-10326,DRV-047,"2026-09-02 08:30:00",11563,4.3,0,0,0,0,"Low Risk"
DEL-10350,DRV-047,"2026-09-02 08:36:00",21119,2.05,0,0,0,0,"Low Risk"
DEL-10401,DRV-047,"2026-09-02 08:50:00",1555,3.47,0,0,0,0,"Low Risk"
DEL-10405,DRV-047,"2026-09-02 08:59:00",19422,1.92,0,0,0,0,"Low Risk"
DEL-10420,DRV-047,"2026-09-02 09:01:00",10993,2.22,0,0,0,0,"Low Risk"
DEL-10426,DRV-047,"2026-09-02 09:10:00",6530,3.08,0,0,0,0,"Low Risk"
DEL-10431,DRV-047,"2026-09-02 09:14:00",9894,4.18,0,0,0,0,"Low Risk"
DEL-10476,DRV-047,"2026-09-02 09:26:00",10720,4.07,0,0,0,0,"Low Risk"
DEL-10599,DRV-047,"2026-09-02 09:38:00",23503,4.85,0,0,0,0,"Low Risk"
DEL-10704,DRV-047,"2026-09-02 09:40:00",11829,1.57,0,0,0,0,"Low Risk"
DEL-10765,DRV-047,"2026-09-02 09:42:00",865,1.5,0,0,0,0,"Low Risk"
DEL-10800,DRV-047,"2026-09-02 09:54:00",9788,2.8,0,0,0,0,"Low Risk"
DEL-10829,DRV-047,"2026-09-02 10:02:00",19601,4.83,0,0,0,0,"Low Risk"
DEL-10852,DRV-047,"2026-09-02 10:08:00",8226,4.4,0,0,0,0,"Low Risk"
DEL-10917,DRV-047,"2026-09-02 10:12:00",10458,4.7,0,0,0,0,"Low Risk"
DEL-10932,DRV-047,"2026-09-02 10:25:00",16311,4.32,0,0,0,0,"Low Risk"
DEL-10948,DRV-047,"2026-09-02 10:32:00",4182,1.98,0,0,0,0,"Low Risk"
DEL-10002,DRV-048,"2026-09-02 08:11:00",24770,3.39,0,0,0,0,"Low Risk"
DEL-10127,DRV-048,"2026-09-02 08:13:00",12028,2.09,0,0,0,0,"Low Risk"
DEL-10186,DRV-048,"2026-09-02 08:23:00",9878,1.92,0,0,0,0,"Low Risk"
DEL-10240,DRV-048,"2026-09-02 08:36:00",1114,4.44,0,0,0,0,"Low Risk"
DEL-10291,DRV-048,"2026-09-02 08:50:00",4871,3.19,0,0,0,0,"Low Risk"
DEL-10364,DRV-048,"2026-09-02 08:59:00",7121,4.75,0,0,0,0,"Low Risk"
DEL-10444,DRV-048,"2026-09-02 09:08:00",23087,3.01,0,0,0,0,"Low Risk"
DEL-10482,DRV-048,"2026-09-02 09:16:00",6965,2.53,0,0,0,0,"Low Risk"
DEL-10543,DRV-048,"2026-09-02 09:24:00",6255,3.85,0,0,0,0,"Low Risk"
DEL-10602,DRV-048,"2026-09-02 10:06:00",11864,3.63,0,0,0,0,"Low Risk"
DEL-10661,DRV-048,"2026-09-02 10:20:00",18818,3.55,0,0,0,0,"Low Risk"
DEL-10839,DRV-048,"2026-09-02 10:37:00",6731,1.93,0,0,0,0,"Low Risk"
DEL-10866,DRV-048,"2026-09-02 10:47:00",3123,2.59,0,0,0,0,"Low Risk"
DEL-10882,DRV-048,"2026-09-02 10:52:00",9308,4.41,0,0,0,0,"Low Risk"
DEL-10943,DRV-048,"2026-09-02 10:54:00",8440,4.11,0,0,0,0,"Low Risk"
DEL-10025,DRV-049,"2026-09-02 08:13:00",3986,4.33,0,0,0,0,"Low Risk"
DEL-10030,DRV-049,"2026-09-02 08:28:00",4620,4.77,0,0,0,0,"Low Risk"
DEL-10032,DRV-049,"2026-09-02 08:42:00",7091,2.62,0,0,0,0,"Low Risk"
DEL-10044,DRV-049,"2026-09-02 08:51:00",5949,2.92,0,0,0,0,"Low Risk"
DEL-10206,DRV-049,"2026-09-02 09:05:00",19714,2.34,0,0,0,0,"Low Risk"
DEL-10249,DRV-049,"2026-09-02 09:22:00",22819,4.5,0,0,0,0,"Low Risk"
DEL-10276,DRV-049,"2026-09-02 09:29:00",15223,4.44,0,0,0,0,"Low Risk"
DEL-10308,DRV-049,"2026-09-02 09:41:00",5011,2.44,0,0,0,0,"Low Risk"
DEL-10399,DRV-049,"2026-09-02 09:47:00",10276,2.8,0,0,0,0,"Low Risk"
DEL-10410,DRV-049,"2026-09-02 09:55:00",8396,4.46,0,0,0,0,"Low Risk"
DEL-10625,DRV-049,"2026-09-02 10:09:00",5977,1.47,0,0,0,0,"Low Risk"
DEL-10655,DRV-049,"2026-09-02 10:21:00",2360,3.59,0,0,0,0,"Low Risk"
DEL-10748,DRV-049,"2026-09-02 10:31:00",788,2.8,0,0,0,0,"Low Risk"
DEL-10844,DRV-049,"2026-09-02 10:41:00",9683,4.02,0,0,0,0,"Low Risk"
DEL-10889,DRV-049,"2026-09-02 10:56:00",2336,1.31,0,0,0,0,"Low Risk"
DEL-10015,DRV-050,"2026-09-02 08:07:00",1551,1.94,0,0,0,0,"Low Risk"
DEL-10099,DRV-050,"2026-09-02 08:25:00",23290,2.89,0,0,0,0,"Low Risk"
DEL-10113,DRV-050,"2026-09-02 08:34:00",22921,4.16,0,0,0,0,"Low Risk"
DEL-10167,DRV-050,"2026-09-02 08:48:00",10926,3.86,0,0,0,0,"Low Risk"
DEL-10245,DRV-050,"2026-09-02 09:02:00",17227,3.1,0,0,0,0,"Low Risk"
DEL-10296,DRV-050,"2026-09-02 09:25:00",21987,1.57,0,0,0,0,"Low Risk"
DEL-10328,DRV-050,"2026-09-02 09:29:00",20754,3.03,0,0,0,0,"Low Risk"
DEL-10355,DRV-050,"2026-09-02 09:39:00",15953,3.8,0,0,0,0,"Low Risk"
DEL-10370,DRV-050,"2026-09-02 09:41:00",19313,4.81,0,0,0,0,"Low Risk"
DEL-10395,DRV-050,"2026-09-02 09:49:00",21521,2.52,0,0,0,0,"Low Risk"
DEL-10555,DRV-050,"2026-09-02 10:12:00",11224,1.06,0,0,0,0,"Low Risk"
DEL-10585,DRV-050,"2026-09-02 10:25:00",15956,4.1,0,0,0,0,"Low Risk"
DEL-10600,DRV-050,"2026-09-02 10:33:00",1561,4.71,0,0,0,0,"Low Risk"
DEL-10648,DRV-050,"2026-09-02 10:36:00",16035,3.44,0,0,0,0,"Low Risk"
DEL-10700,DRV-050,"2026-09-02 10:48:00",1444,2.94,0,0,0,0,"Low Risk"
DEL-10827,DRV-050,"2026-09-02 11:01:00",22443,3.38,0,0,0,0,"Low Risk"
DEL-10878,DRV-050,"2026-09-02 11:08:00",10098,4.14,0,0,0,0,"Low Risk"
DEL-10891,DRV-050,"2026-09-02 11:17:00",13109,3.98,0,0,0,0,"Low Risk"
DEL-10968,DRV-050,"2026-09-02 11:32:00",19008,1.33,0,0,0,0,"Low Risk"
